to_consider,to_delete,Uber (x = filter out),|__question_id,|__file_name,|__question,|__answer,|__options__a,|__options__b,|__options__c,|__options__d,FINAL Difficulty,Image URL,Image Source
x,,,IQ033,question033,Who is this artist?,Salvador Dali,Andy Warhol,Jackson Pollock,Marcel Duchamp,Salvador Dali,Hard,https://drive.google.com/file/d/19NXtwSYCPYyR0Z8qssidnLfpT2T7kkxr/view?usp=sharing,Link
x,,,IQ034,question034,Who is this artist?,Frida Kahlo,Mary Cassatt,Rosa Bonheur,Frida Kahlo,Berthe Morisot,Hard,https://drive.google.com/open?id=199rs1hvihadUOlVU3z9MTfU2aF9TXCm9&authuser=solongo.enkhtor@playoctopus.com&usp=drive_fs,Link
x,,,IQ035,question035,Who is this artist?,Andy Warhol,Claude Monet,Andy Warhol,Jackson Pollock,Jasper Johns,Hard,https://drive.google.com/open?id=195qYGl5CwSttNENkDunln9nVhJprxiOG&authuser=solongo.enkhtor@playoctopus.com&usp=drive_fs,Link
x,,,IQ036,question036,Who is this artist?,Pablo Picasso,Michelangelo,Pablo Picasso,Vincent van Gogh,Raphael,Hard,https://drive.google.com/open?id=1924lurau0HlcrmW8TK30-ioac_isSBd6&authuser=solongo.enkhtor@playoctopus.com&usp=drive_fs,Link
x,,,IQ037,question037,Who is this historical figure?,Rosa Parks,Harriet Tubman,Mother Teresa,Rosa Parks,Rosalind Franklin,Hard,https://drive.google.com/open?id=13hd4IFGf4C1YU62cnom5v16PAWWHQa-D&authuser=solongo.enkhtor@playoctopus.com&usp=drive_fs,Link
x,,,IQ038,question038,Who is this historical figure?,Muhammad Ali,Malcolm X,Muhammad Ali,Nelson Mandela,John M Keynes,Medium,https://drive.google.com/open?id=13fHuZyr6P1WKLJkw3zSdmkWwZrWsHDlO&authuser=solongo.enkhtor@playoctopus.com&usp=drive_fs,Link
x,,,IQ041,question041,Which U.S. President is this?,Barack Obama,George Washington,Barack Obama,Ronald Reagan,George W. Bush,Very Easy,https://drive.google.com/open?id=10TgKqpO05I5d2MBFrGhbY3pQDK37B8-B&authuser=solongo.enkhtor@playoctopus.com&usp=drive_fs,Link
x,,,IQ042,question042,Which U.S. President is this?,Franklin D. Roosevelt,Richard Nixon,Franklin D. Roosevelt,Abraham Lincoln,John Quincy Adams,Hard,https://drive.google.com/open?id=10GepglCf74smHtWpDX5vSc9VIUQTMuJR&authuser=solongo.enkhtor@playoctopus.com&usp=drive_fs,Link
x,,,IQ043,question043,Which U.S. President is this?,Harry S. Truman,Grover Cleveland,Harry S. Truman,Warren G. Harding,Herbert Hoover,Hard,https://drive.google.com/open?id=10G9uKjP3d_-p3LcN5vlD3yw7OT8-7OLb&authuser=solongo.enkhtor@playoctopus.com&usp=drive_fs,Link
x,,,IQ044,question044,Which U.S. President is this?,Benjamin Harrison,Gerald Ford,William Howard Taft,Benjamin Harrison,Chester A. Arthur,Hard,https://drive.google.com/file/d/15qkEGmpJSXLeTcjINfHJYEQWa-jIyLCO/view?usp=sharing,Link
x,,,IQ081,question081,What monument is this?,Washington Monument,Washington Monument,Lincoln Memorial,Jefferson Memorial,Peace Monument,Very Easy,https://drive.google.com/open?id=10klopYsvdmHduzUwQ5YQQ1KnqI47oQHw&authuser=solongo.enkhtor@playoctopus.com&usp=drive_fs,Link
x,,,IQ082,question082,What monument is this?,Mount Rushmore,Stonewall National Monument,"Martin Luther King, Jr. Memorial",Mount Rushmore,Natural Bridges National Monument,Easy,https://drive.google.com/open?id=10gE6UeKam2txc7hAWm1S4vCOrJgDPrbL&authuser=solongo.enkhtor@playoctopus.com&usp=drive_fs,Link
x,,,IQ084,question084,What monument is this?,Arc de Triomphe,Centre Pompidou,Les Invalides,Notre-Dame,Arc de Triomphe,Hard,https://drive.google.com/open?id=10_-3YwpCuV3M0YcW-ogEPv8oGdNqM6uc&authuser=solongo.enkhtor@playoctopus.com&usp=drive_fs,Link
x,,,IQ085,question085,What country's flag is this?,Japan,Japan,China,Mongolia,Canada,Easy,https://drive.google.com/file/d/1x9s5V_0gVD5VEDPLn7yX3bmeLOjurj-k/view?usp=sharing,N/A
x,,,IQ086,question086,What country's flag is this?,Brazil,Italy,Brazil,Peru,Serbia,Easy,https://drive.google.com/file/d/1xBsp8_aIphxFsbd3qaDZW8zrRy6D178Q/view?usp=sharing,N/A
x,,,IQ087,question087,What country's flag is this?,Argentina,Russia,Poland,Argentina,Mexico,Medium,https://drive.google.com/file/d/1xFeEyL3nyoPkZJNTamfDliS4-S6t_SO_/view?usp=sharing,N/A
x,,,IQ088,question088,What country's flag is this?,South Korea,Taiwan,Japan,China,South Korea,Easy,https://drive.google.com/file/d/1xI53CWdygq7biquKXJ3AeNA1oOsTTHpL/view?usp=sharing,N/A
x,,,IQ093,question093,What city is this?,San Francisco,Austin,Miami,Hong Kong,San Francisco,Easy,https://drive.google.com/open?id=19arAHCVdno7E_dgBLLWAadSjavPD-Z_I&authuser=solongo.enkhtor@playoctopus.com&usp=drive_fs,Link
x,,,IQ094,question094,What city is this?,Chicago,Dallas,Austin,Denver,Chicago,Easy,https://drive.google.com/open?id=19YbvDfdb7PZCngTs8VVB-QYGgKyWUaqj&authuser=solongo.enkhtor@playoctopus.com&usp=drive_fs,Link
x,,,IQ095,question095,What city is this?,New York City,Chicago,Boston,New York City,Paris,Very Easy,https://drive.google.com/open?id=19d5dE3LXGP0s6oRVtqV9fI6XXgpWZJiS&authuser=solongo.enkhtor@playoctopus.com&usp=drive_fs,Link
x,,,IQ096,question096,What city is this?,Tokyo,Shanghai,Tokyo,Moscow,Seoul,Hard,https://drive.google.com/open?id=19NfQXvfq5DUZ3Lgco6GMGPjaWwUvvy17&authuser=solongo.enkhtor@playoctopus.com&usp=drive_fs,Link
x,,,IQ097,question097,Where is this located?,Paris,Rome,Paris,Sydney,Barcelona,Very Easy,https://drive.google.com/open?id=13wtEueJ_-juM0nDV4-aq634qauOi7gUf&authuser=solongo.enkhtor@playoctopus.com&usp=drive_fs,Link
x,,,IQ098,question098,Where is this located?,London,Madrid,Paris,Amsterdam,London,Very Easy,https://drive.google.com/open?id=149TYVnZ46FGSpmi3Yh7mfQJ4qKMXYed7&authuser=solongo.enkhtor@playoctopus.com&usp=drive_fs,Link
x,,,IQ100,question100,Where is this located?,India,Iran,Saudi Arabia,India,Pakistan,Easy,https://drive.google.com/open?id=144i8Qrj-5nSY9m5Ain74cwVTZjrzwTd3&authuser=solongo.enkhtor@playoctopus.com&usp=drive_fs,Link
x,,,IQ102,question102,Where is this located?,China,Taiwan,Egypt,Malaysia,China,Easy,https://drive.google.com/open?id=14439Epuf-eJupdf5txcyIP8x0QHCYx4-&authuser=solongo.enkhtor@playoctopus.com&usp=drive_fs,Link
x,,,IQ103,question103,Where is this located?,Russia,Egypt,India,China,Russia,Hard,https://drive.google.com/open?id=13nqTPtEBGiGZ7GxuzcA5ZfIRIuMg75UD&authuser=solongo.enkhtor@playoctopus.com&usp=drive_fs,Link
x,,,IQ104,question104,Where is this located?,England,New Zealand,England,Austria,Denmark,Medium,https://drive.google.com/open?id=13zaJ3W2NoVzIFqeuyZEErbrsSoGEoNGa&authuser=solongo.enkhtor@playoctopus.com&usp=drive_fs,Link
x,,,IQ107,question107,What food is this?,Acai Bowl,Acai Bowl,Cereal,Oatmeal,Waffle,Very Easy,https://drive.google.com/open?id=111qmUXpf-gPh7AXitjY-rIw6OZp0bunM&authuser=solongo.enkhtor@playoctopus.com&usp=drive_fs,Link
x,,,IQ109,question109,What fruit is this?,Pineapple,Pineapple,Kiwi,Banana,Mango,Very Easy,https://drive.google.com/open?id=1wSt4ypfC9CtAK9YDbQVj7dr1ICBk7AlZ&authuser=solongo.enkhtor@playoctopus.com&usp=drive_fs,Link
x,,,IQ110,question110,What fruit is this?,Pomegranate,Papaya,Pomegranate,Lychee,Pineapple,Easy,https://drive.google.com/open?id=1wUwEBk2MzdtfZaWJv6QGGY-lrMFIp9St&authuser=solongo.enkhtor@playoctopus.com&usp=drive_fs,Link
x,,,IQ111,question111,What fruit is this?,Durian,Lychee,Mango,Durian,Watermelon,Hard,https://drive.google.com/open?id=1wZu7rqPp62_Qr4pfUwqrR0B0G-ovCmrf&authuser=solongo.enkhtor@playoctopus.com&usp=drive_fs,Link
x,,,IQ112,question112,What fruit is this?,Pitaya,Kiwi,Papaya,Mango,Pitaya,Hard,https://drive.google.com/open?id=1wb-zYW5pw6Sf7Qj_HDui1s8ObwWvwA7Q&authuser=solongo.enkhtor@playoctopus.com&usp=drive_fs,Link
x,,,IQ114,question114,What vegetable is this?,Asparagus,Scallion,Leek,Asparagus,Cucumber,Very Easy,https://drive.google.com/open?id=19sIkuvgeySiG9j2HQZedVdSJOkOsFrBH&authuser=solongo.enkhtor@playoctopus.com&usp=drive_fs,Link
x,,,IQ115,question115,What vegetable is this?,Artichoke,Okra,Artichoke,Onion,Mushroom,Easy,https://drive.google.com/open?id=1ymSrM9VcCNfwbAFOO-r4uzrt_eunpFxj&authuser=solongo.enkhtor@playoctopus.com&usp=drive_fs,Link
x,,,IQ117,question117,What vegetable is this?,Ginger Root,Artichoke,Potato,Ginger Root,Radish,Hard,https://drive.google.com/open?id=1yrsl4w6vr60EqV5r-mwCZ9IzANmNftXu&authuser=solongo.enkhtor@playoctopus.com&usp=drive_fs,Link
x,,,IQ121,question121,What food is this?,Sushi,Tacos,Sushi,Dumpling,Ravioli,Very Easy,https://drive.google.com/open?id=14ORBCWdd2mhVTnp_odNGUK_509qEPC8C&authuser=solongo.enkhtor@playoctopus.com&usp=drive_fs,Link
x,,,IQ122,question122,What food is this?,Dumpling,PÃ£o de queijo,Ravioli,Chicken,Dumpling,Easy,https://drive.google.com/open?id=14PkZBLMzikitQkVOEw2eQ0GfOa1xaeHx&authuser=solongo.enkhtor@playoctopus.com&usp=drive_fs,Link
x,,,IQ123,question123,What food is this?,Macaron,Croissant,Biscotti,Macaron,Brownie,Easy,https://drive.google.com/open?id=14OinC3iDK_i73YMEgFDaFNzcAWOFPjaY&authuser=solongo.enkhtor@playoctopus.com&usp=drive_fs,Link
x,,,IQ127,question127,What food is this?,Turkish Delight,Lokma,Baklava,Turkish Delight,Chocolate,Hard,https://drive.google.com/open?id=11SwAM8lnPPxIhw7_BzyepKJW0Q0aTDZr&authuser=solongo.enkhtor@playoctopus.com&usp=drive_fs,Link
x,,,IQ129,question129,What is the name of this flower?,Rose,Rose,Lavender,Daffodil,Daisy,Very Easy,https://drive.google.com/open?id=1wD4cPvQ05WWCO5mAQwmBieEmZdJDHZjS&authuser=solongo.enkhtor@playoctopus.com&usp=drive_fs,Link
x,,,IQ130,question130,What is the name of this flower?,Sunflower,Daffodil,Sunflower,Lily,Cherry Blossom,Very Easy,https://drive.google.com/open?id=1wFAiZpblnCDHVF7tQzmw4nPgqJZzwYAO&authuser=solongo.enkhtor@playoctopus.com&usp=drive_fs,Link
x,,,IQ131,question131,What is the name of this flower?,Cherry Blossom,Daisy,Jasmine,Cherry Blossom,Tulip,Easy,https://drive.google.com/open?id=1wI8EHI4WvRgWmfSF7NYGLz79SjjlDigb&authuser=solongo.enkhtor@playoctopus.com&usp=drive_fs,Link
x,,,IQ132,question132,What is the name of this flower?,Water Lily,Iris,Daisy,Jasmine,Water Lily,Easy,https://drive.google.com/open?id=1wPkeQ5iNU72VmUDG7wTfusmgx-O-RX9M&authuser=solongo.enkhtor@playoctopus.com&usp=drive_fs,Link
x,,,IQ135,question135,What continent is this animal native to?,Africa,Africa,Australia,Asia,Europe,Easy,https://drive.google.com/open?id=1w00UntAR8aIQXW14iFAzHQEEButD34k2&authuser=solongo.enkhtor@playoctopus.com&usp=drive_fs,Link
x,,,IQ136,question136,What continent is this animal native to?,Australia,Africa,Australia,Asia,Europe,Very Easy,https://drive.google.com/open?id=1w4jodBu23KVrsRb7rGysIxLNG8v5l6iy&authuser=solongo.enkhtor@playoctopus.com&usp=drive_fs,Link
x,,,IQ137,question137,What sea creature is this?,Shark,Shark,Octopus,Whale,Stingray,Very Easy,https://drive.google.com/open?id=1vhWeQKzfyYLVUCcjPtg5E_VQIX0VhP31&authuser=solongo.enkhtor@playoctopus.com&usp=drive_fs,Link
x,,,IQ138,question138,What sea creature is this?,Dolphin,Stingray,Dolphin,Sea Lion,Squid,Very Easy,https://drive.google.com/open?id=1vjKR40y8uTtDk0uZ60g_WV9Dq_LJOpNQ&authuser=solongo.enkhtor@playoctopus.com&usp=drive_fs,Link
x,,,IQ139,question139,What sea creature is this?,Sea Turtle,Squid,Whale,Sea Turtle,Crab,Very Easy,https://drive.google.com/open?id=1vq1EcUs5Ze-Ew_8Z6kk_OBL2zso2P_Aq&authuser=solongo.enkhtor@playoctopus.com&usp=drive_fs,Link
x,,,IQ140,question140,What sea creature is this?,Walrus,Octopus,Sea Lion,Seal,Walrus,Easy,https://drive.google.com/open?id=1vqpNh3gxVmbLk2LQH08w8rUdTVhASS3j&authuser=solongo.enkhtor@playoctopus.com&usp=drive_fs,Link
x,,,IQ141,question141,What type of mammal is this?,Lion,Lion,Cheetah,Tiger,Panther,Very Easy,https://drive.google.com/open?id=1vSGKsgEc_TP3iLKO3g_mHhh85si_rgSF&authuser=solongo.enkhtor@playoctopus.com&usp=drive_fs,Link
x,,,IQ142,question142,What type of mammal is this?,Elephant,Giraffe,Elephant,Hyena,Leopard,Very Easy,https://drive.google.com/open?id=1vWhqztP2OgaSvN6td-OSothNPGd-9gLW&authuser=solongo.enkhtor@playoctopus.com&usp=drive_fs,Link
x,,,IQ143,question143,What continent is this animal native to?,Africa,Asia,Australia,Africa,Europe,Very Easy,https://drive.google.com/open?id=1vYCV2GdndP1GxGQRfPTu5_s2vUKZ4wJE&authuser=solongo.enkhtor@playoctopus.com&usp=drive_fs,Link
x,,,IQ144,question144,What continent is this animal native to?,Australia,Africa,Europe,Asia,Australia,Easy,https://drive.google.com/open?id=1vdQ0suqRAoHJAAFD952CtI6BrVLD2sQ7&authuser=solongo.enkhtor@playoctopus.com&usp=drive_fs,Link
x,,,IQ153,question153,How many keys are typically on a full-sized piano?,88,51,68,88,94,Hard,https://drive.google.com/open?id=1u_SXNsODPYe4PzG65zHdVwaa_KnLKQ94&authuser=solongo.enkhtor@playoctopus.com&usp=drive_fs,Link
x,,,IQ154,question154,How many strings are typically on a guitar?,6,4,5,6,7,Easy,https://drive.google.com/open?id=1uhj_hpFr4kiffx4Y8_GPoyWLqH7FMsob&authuser=solongo.enkhtor@playoctopus.com&usp=drive_fs,Link
x,,,IQ155,question155,What is this instrument called?,Violin,Bass,Piano,Violin,Guitar,Easy,https://drive.google.com/open?id=1utL3qd96dWTedKLeCWpT4_5BwF2RLQi-&authuser=solongo.enkhtor@playoctopus.com&usp=drive_fs,Link
x,,,IQ156,question156,What is this instrument called?,French Horn,Flute,Tuba,Trumpet,French Horn,Hard,https://drive.google.com/open?id=1uucYIu0odvHCO-49B83XRCDlnEA9Aj2q&authuser=solongo.enkhtor@playoctopus.com&usp=drive_fs,Link
x,,,IQ165,question165,What is the name of this painting?,Mona Lisa,Mona Lisa,Water Lilies,The Starry Night,Olympia,Easy,https://drive.google.com/open?id=1uBU4UhB9B5Is-i-aOhh8s0oDvtZiHe_f&authuser=solongo.enkhtor@playoctopus.com&usp=drive_fs,Link
x,,,IQ166,question166,What is the name of this painting?,The Starry Night,American Gothic,Olympia,The Starry Night,Mona Lisa,Easy,https://drive.google.com/open?id=1uF259n2mSOqw-RDbMsy76fp7x1DIdf9c&authuser=solongo.enkhtor@playoctopus.com&usp=drive_fs,Link
x,,,IQ167,question167,What is the name of this painting?,The Scream,Olympia,The Scream,Mona Lisa,American Gothic,Medium,https://drive.google.com/open?id=1uKFZIGEQC13ZXgPyScR1h2KyVxgRe7H7&authuser=solongo.enkhtor@playoctopus.com&usp=drive_fs,Link
x,,,IQ168,question168,What is the name of this painting?,The Kiss,Mona Lisa,Olympia,Water Lilies,The Kiss,Hard,https://drive.google.com/open?id=1uKXWl_aNRgeU4VAp4B3wBK-y33BfF_JR&authuser=solongo.enkhtor@playoctopus.com&usp=drive_fs,Link
x,,,IQ181,question181,"Outside of the U.S., what is this sport commonly called?",Football,Rugby,Kickball,Hockey,Football,Very Easy,https://drive.google.com/open?id=1tFCbXZGSMiGHgBL6owi6wIZS8DD9OaVp&authuser=solongo.enkhtor@playoctopus.com&usp=drive_fs,Link
x,,,IQ182,question182,Where was this sport invented?,United States,Ireland,United States,Mexico,Greece,Very Easy,https://drive.google.com/open?id=1tH-U4vSgpojXY8glj5E1OdWKDe2zfevL&authuser=solongo.enkhtor@playoctopus.com&usp=drive_fs,Link
x,,,IQ183,question183,What famous tennis event is held annually in England?,Wimbledon,Wimbledon,The Open,Roland Garros,Australian Open,Easy,https://drive.google.com/open?id=1tNaSBkX0zxST_wBOytVFKgddUzajqbHM&authuser=solongo.enkhtor@playoctopus.com&usp=drive_fs,Link
x,,,IQ184,question184,How many innings are typically in baseball?,9,7,8,9,10,Very Easy,https://drive.google.com/open?id=1tQCkm8bSalNsdLzPE8mH6QPVMHQB97Mz&authuser=solongo.enkhtor@playoctopus.com&usp=drive_fs,Link
x,,,IQ185,question185,Earth is the ___ planet from the sun.,Third,Third,Fourth,Fifth,Sixth,Easy,https://drive.google.com/open?id=1tA2-bafTDsdlx2xybZbx1gTPM7ycaxFO&authuser=solongo.enkhtor@playoctopus.com&usp=drive_fs,Link
x,,,IQ186,question186,Mars is the ___ planet from the sun.,Fourth,Third,Fourth,Fifth,Sixth,Easy,https://drive.google.com/open?id=1tATJlUvHj22VUyu0bw11Ay3onTvSgzV6&authuser=solongo.enkhtor@playoctopus.com&usp=drive_fs,Link
x,,,IQ187,question187,Jupiter is the ___ planet from the sun.,Fifth,Third,Fourth,Fifth,Sixth,Easy,https://drive.google.com/open?id=1tAyAuTpJGvlCf-PRkVOuUgwuHErG2W1E&authuser=solongo.enkhtor@playoctopus.com&usp=drive_fs,Link
x,,,IQ188,question188,Saturn is the ___ planet from the sun.,Sixth,Third,Fourth,Fifth,Sixth,Easy,https://drive.google.com/open?id=1tBRv4R0PNcD8GnTbmOWEod-f898RgI_3&authuser=solongo.enkhtor@playoctopus.com&usp=drive_fs,Link
x,,,IQ189,question189,What is the name of this plant?,Cactus,Cactus,Lavender,Orchid,Peace Lily,Easy,https://drive.google.com/open?id=1szG8u1wBLRLrNgsUTQMuHDIYwlZzn3eq&authuser=solongo.enkhtor@playoctopus.com&usp=drive_fs,Link
x,,,IQ190,question190,What is the name of this plant?,Orchid,Aloe Vera,Orchid,Ivy,Cactus,Hard,https://drive.google.com/open?id=1t0QwxjulcLv_r7XB87qTzC-_YD1F0M_Z&authuser=solongo.enkhtor@playoctopus.com&usp=drive_fs,Link
x,,,IQ191,question191,What is the name of this plant?,Aloe Vera,Ivy,Lavender,Aloe Vera,Palm,Easy,https://drive.google.com/open?id=1t1M00FajP4VEwslFgSO1olJKDQdTtlBU&authuser=solongo.enkhtor@playoctopus.com&usp=drive_fs,Link
x,,,IQ197,question197,What type of bird is this?,Bald Eagle,Bald Eagle,Owl,Crane,Chicken,Very Easy,https://drive.google.com/open?id=1dW6wX0IFn_Zu7phA8f1tDyLGjlkmWZs5,Link
x,,,IQ198,question198,What type of bird is this?,Pigeon,Pigeon,Fowl,Swallow,Dove,Very Easy,https://drive.google.com/open?id=15tfsflWtRiyQT9eFI7AmfuMIcttPrbH5&authuser=solongo.enkhtor@playoctopus.com&usp=drive_fs,Link
x,,,IQ199,question199,What type of bird is this?,Parrot,Dove,Parrot,Goose,Penguin,Very Easy,https://drive.google.com/open?id=14epX6nJvBDc8XLMNNqnHA0xh4NsDD3g9,Link
x,,,IQ200,question200,What type of bird is this?,Flamingo,Goose,Flamingo,Crane,Stork,Very Easy,https://drive.google.com/open?id=15sT0QNy-2qxU9StShWMAHYAhGiCJnWN0&authuser=solongo.enkhtor@playoctopus.com&usp=drive_fs,Link
x,,,IQ201,question201,What type of bird is this?,Peacock,Penguin,Chicken,Peacock,Parrot,Very Easy,https://drive.google.com/open?id=1ArGHO2pHiVZ_JUY6X23BCzp4_YthTOQA,Link
x,,,IQ202,question202,What type of bird is this?,Hummingbird,Sparrow,Woodpecker,Hummingbird,Heron,Easy,https://drive.google.com/open?id=15sB9mgzeaqZnBE4j1xJNDnZMHpUFYCDj&authuser=solongo.enkhtor@playoctopus.com&usp=drive_fs,Link
x,,,IQ203,question203,What type of bird is this?,Toucan,Woodpecker,Owl,Crane,Toucan,Very Easy,https://drive.google.com/open?id=1wUfz06pM95J2dARXL9GWUaONhOOM6SOj,Link
x,,,IQ204,question204,What type of bird is this?,Cardinal,Sparrow,Finch,Swallow,Cardinal,Easy,https://drive.google.com/open?id=15psypJoXCF6_seava3PkRHLziY0h0aIj&authuser=solongo.enkhtor@playoctopus.com&usp=drive_fs,Link
x,,,IQ205,question205,What type of fish is this?,Goldfish,Goldfish,Lionfish,Clownfish,Parrotfish,Very Easy,https://drive.google.com/open?id=165DZ4-T7Akt96gbwJL1hS_vUyrT-EJhe&authuser=solongo.enkhtor@playoctopus.com&usp=drive_fs,Link
x,,,IQ206,question206,What type of fish is this?,Clownfish,Koi,Clownfish,Goldfish,Parrotfish,Very Easy,https://drive.google.com/open?id=1645mDcCS6UbgWoU0vcrk0bKNN-_aRl98&authuser=solongo.enkhtor@playoctopus.com&usp=drive_fs,Link
x,,,IQ207,question207,What type of fish is this?,Puffer Fish,Bass,Carp,Puffer Fish,Clownfish,Easy,https://drive.google.com/open?id=165AYO1VDR75CDhMUQTOiyxHJ_TORowUx&authuser=solongo.enkhtor@playoctopus.com&usp=drive_fs,Link
x,,,IQ208,question208,What type of fish is this?,Koi,Clownfish,Salmon,Goldfish,Koi,Easy,https://drive.google.com/open?id=166B1QWTUtajPuCfHZwGyZ_6TG0zZYkUG&authuser=solongo.enkhtor@playoctopus.com&usp=drive_fs,Link
x,,,IQ209,question209,What type of fish is this?,Lionfish,Lionfish,Catfish,Guppy,Zebrafish,Hard,https://drive.google.com/open?id=16-7Q_kjiKP4aGC_Pt4gvFDNuJB7pz1jk&authuser=solongo.enkhtor@playoctopus.com&usp=drive_fs,Link
x,,,IQ215,question215,What food is this?,Croissant,Croissant,Macaron,Makmur,Galette,Very Easy,https://drive.google.com/open?id=16W_DSlD2n6ykcFEhvwIvj9qxl7LufLYQ&authuser=solongo.enkhtor@playoctopus.com&usp=drive_fs,Link
x,,,IQ216,question216,What food is this?,Eclair,Macaron,Cupcake,Eclair,Cannoli,Easy,https://drive.google.com/open?id=16TpDUQgA8FTFhoO2HJQeT8MnOfq_v3Pu&authuser=solongo.enkhtor@playoctopus.com&usp=drive_fs,Link
x,,,IQ217,question217,What food is this?,Cannoli,Croissant,Brownie,Cannoli,Danish,Medium,https://drive.google.com/open?id=16zihTPPie-BhqZPLRcGlAvAtfp2LxuJT&authuser=solongo.enkhtor@playoctopus.com&usp=drive_fs,Link
x,,,IQ220,question220,What food is this?,Mille-feuille,Mille-feuille,Choux,Strudel,Brioche,Hard,https://drive.google.com/open?id=174gjHk1DhaEqG3RQwhCRH2JsJB_aO9hM&authuser=solongo.enkhtor@playoctopus.com&usp=drive_fs,Link
x,,,IQ221,question221,What food is this?,Taiyaki,Taiyaki,Mochi,Pancake,Egg Tart,Hard,https://drive.google.com/open?id=17I8uhVy4KCn_uOR7iAzaqN4M9ZaKYewd&authuser=solongo.enkhtor@playoctopus.com&usp=drive_fs,Link
x,,,IQ224,question224,What food is this?,Dango,Daifuku,Palmier,Meringue,Dango,Hard,https://drive.google.com/open?id=17FnML1ChAn1J5emG_tw5oBL8R638P6Ut&authuser=solongo.enkhtor@playoctopus.com&usp=drive_fs,Link
x,,,IQ232,question232,What type of whale is this?,Beluga Whale,Blue Whale,Beluga Whale,Killer Whale,Humpback Whale,Medium,https://drive.google.com/file/d/1z40rpf2Ofc4jazCMElehUuasnC5LQ8Kn/view,Link
x,,,IQ237,question237,What is the name of this statue?,Statue of Liberty,Statue of Liberty,Sphinx,The Bowman,The Spearman,Very Easy,https://drive.google.com/open?id=18k4wC83VJtvGTWn0p_o4JgukonIAeUT0&authuser=solongo.enkhtor@playoctopus.com&usp=drive_fs,Link
x,,,IQ240,question240,What is the name of this statue?,Christ the Redeemer,Christ of the Ozarks,Statue of Liberty,Christ the Redeemer,Farnese Hercules,Very Easy,https://drive.google.com/open?id=18KR5o0B3arJfHD3zPnRy9ZAzBcfe-_X-&authuser=solongo.enkhtor@playoctopus.com&usp=drive_fs,Link
x,,,IQ241,question241,What is the name of this statue?,Sphinx,Sphinx,Forever Marilyn,Venus de Milo,Discobolus,Easy,https://drive.google.com/open?id=18PlENY5MxQ1d_oDG_MzXX64DoO60fDh7&authuser=solongo.enkhtor@playoctopus.com&usp=drive_fs,Link
x,,,IQ243,question243,What is the name of this statue?,Winged Victory,Fallen Angel,The Lady,Winged Victory,Heaven on Earth,Hard,https://drive.google.com/open?id=18RLs7J4GDiW8kLZs5K_2_yLY0xesbKh8&authuser=solongo.enkhtor@playoctopus.com&usp=drive_fs,Link
x,,,IQ245,question245,What element does this symbol represent?,Copper,Copper,Lithium,Fluorine,Rhodium,Easy,https://drive.google.com/open?id=191WJipCwyFhUrF60wg2Ee72wj0613tqd&authuser=solongo.enkhtor@playoctopus.com&usp=drive_fs,N/A
x,,,IQ246,question246,What element does this symbol represent?,Lithium,Lithium,Boron,Potassium,Iron,Medium,https://drive.google.com/open?id=18sq4rwRoG3Nmv608Ss85xdLI2ckr_E_a&authuser=solongo.enkhtor@playoctopus.com&usp=drive_fs,N/A
x,,,IQ247,question247,What element does this symbol represent?,Mercury,Neon,Copper,Mercury,Cadmium,Hard,https://drive.google.com/open?id=18wBzvlZv12hj6sOOHF0tLK-lmjCPQOtG&authuser=solongo.enkhtor@playoctopus.com&usp=drive_fs,N/A
x,,,IQ248,question248,What element does this symbol represent?,Lead,Silver,Carbon,Lead,Boron,Hard,https://drive.google.com/open?id=18riwEsDZ3cVd0kDU2KnQnT53Ap-J_txJ&authuser=solongo.enkhtor@playoctopus.com&usp=drive_fs,N/A
x,,,IQ249,question249,What element does this symbol represent?,Hydrogen,Hydrogen,Iron,Copper,Oxygen,Easy,https://drive.google.com/open?id=1R7ONUNb03RjSW2-kaoJt18LRGHMZfzSq&authuser=solongo.enkhtor@playoctopus.com&usp=drive_fs,N/A
x,,,IQ250,question250,What element does this symbol represent?,Potassium,Zinc,Potassium,Radium,Silicon,Medium,https://drive.google.com/open?id=1R8LSvrNJ4vdPM4H8dFR4KHANinW1hdtH&authuser=solongo.enkhtor@playoctopus.com&usp=drive_fs,N/A
x,,,IQ251,question251,What element does this symbol represent?,Sulfur,Copper,Silver,Sulfur,Iodine,Easy,https://drive.google.com/open?id=1RFJbna1fWRzmS_4bDw_DAqgywZ_mtrVN&authuser=solongo.enkhtor@playoctopus.com&usp=drive_fs,N/A
x,,,IQ252,question252,What element does this symbol represent?,Calcium,Silver,Copper,Carbon,Calcium,Easy,https://drive.google.com/open?id=1RQbRzI7ZfnxKNPyM4_w_3LPAfYBW1Y1O&authuser=solongo.enkhtor@playoctopus.com&usp=drive_fs,N/A
x,,,IQ261,question261,What state is this?,Florida,Maryland,Delaware,Nevada,Florida,Very Easy,https://drive.google.com/open?id=1SOd1XUTJ2U8q7T_RVYigSJzmx3VunICG&authuser=solongo.enkhtor@playoctopus.com&usp=drive_fs,N/A
x,,,IQ262,question262,What state is this?,Texas,West Virginia,Montana,Texas,Wyoming,Very Easy,https://drive.google.com/open?id=1SNMVrJlf1SXQSn5NNTEdUMVTT9P5SL5w&authuser=solongo.enkhtor@playoctopus.com&usp=drive_fs,N/A
x,,,IQ263,question263,What state is this?,California,California,Vermont,Rhode Island,Colorado,Very Easy,https://drive.google.com/open?id=1Cn1t-eD-_YJx6yfjo8jlgyQELdPNGQpJ&authuser=solongo.enkhtor@playoctopus.com&usp=drive_fs,N/A
x,,,IQ264,question264,What state is this?,Pennsylvania,North Dakota,Pennsylvania,Oklahoma,Utah,Easy,https://drive.google.com/open?id=1S9P51PssM8zadZhNoAi6Z_92Kx6gy5oz&authuser=solongo.enkhtor@playoctopus.com&usp=drive_fs,N/A
x,,,IQ265,question265,What state is this?,Tennessee,North Carolina,Kansas,Oregon,Tennessee,Medium,https://drive.google.com/open?id=1Cc7na67XI4owRPktDNRwAz81Cd4R9Xfe&authuser=solongo.enkhtor@playoctopus.com&usp=drive_fs,N/A
x,,,IQ266,question266,What state is this?,Minnesota,Connecticut,Massachusetts,Minnesota,Michigan,Hard,https://drive.google.com/open?id=1CjqyHFyvuH4G8wAJAUvFq95apHgh1a7h&authuser=solongo.enkhtor@playoctopus.com&usp=drive_fs,N/A
x,,,IQ267,question267,What state is this?,Missouri,Missouri,Mississippi,Maryland,Maine,Hard,https://drive.google.com/open?id=1Co6PGnJ6tZigB_VQayv9WK79GURHRG_p&authuser=solongo.enkhtor@playoctopus.com&usp=drive_fs,N/A
x,,,IQ268,question268,What state is this?,Nebraska,New Mexico,Nebraska,New York,New Jersey,Easy,https://drive.google.com/open?id=1Cg0S0p5TIOn2Fie7Pr-MOt4PnX4wrebe&authuser=solongo.enkhtor@playoctopus.com&usp=drive_fs,N/A
x,,,IQ269,question269,What is the name of this planet?,Mercury,Mercury,Jupiter,Mars,Saturn,Hard,https://drive.google.com/open?id=1RhTmfWhERcp2Ruz09zDt5Y_VI8Pb4twf&authuser=solongo.enkhtor@playoctopus.com&usp=drive_fs,Link
x,,,IQ270,question270,What is the name of this planet?,Venus,Mars,Venus,Neptune,Earth,Hard,https://drive.google.com/open?id=1RleIQRc5bk12yqwh8jVqgNxvj2tm8ONn&authuser=solongo.enkhtor@playoctopus.com&usp=drive_fs,Link
x,,,IQ271,question271,What is the name of this planet?,Uranus,Mercury,Saturn,Uranus,Mars,Hard,https://drive.google.com/open?id=1RZ5A7gSVSMi9voXIXcuP24hIlVNVcyQf&authuser=solongo.enkhtor@playoctopus.com&usp=drive_fs,Link
x,,,IQ272,question272,What is the name of this planet?,Neptune,Jupiter,Venus,Mars,Neptune,Easy,https://drive.google.com/open?id=1RSJhUMLDiWM2dYRiAflua0aQZRZZuf7H&authuser=solongo.enkhtor@playoctopus.com&usp=drive_fs,Link
x,,,IQ301,question301,What shape is this?,Pentagon,Enneagram,Pentagon,Decagon,Stadium,Easy,https://drive.google.com/open?id=1HGF4SuBKoc9En7yk6tKZ5MmTgLxdvxN2&authuser=domenica.esparza@playoctopus.com&usp=drive_fs,N/A
x,,,IQ302,question302,What shape is this?,Heptagon,Circle,Heptagon,Vesica Piscis,Heptagram,Medium,https://drive.google.com/open?id=1HAUc7d7tSOAJL0EWvajs8em8c_XVWGR0&authuser=domenica.esparza@playoctopus.com&usp=drive_fs,N/A
x,,,IQ303,question303,What shape is this?,Nonagon,Nonagon,Triquetra,Decagon,Octagon,Hard,https://drive.google.com/open?id=1HHUHOkCKlxxbpqqzooStJu9OP5nRqAm9&authuser=domenica.esparza@playoctopus.com&usp=drive_fs,N/A
x,,,IQ304,question304,What shape is this?,Decagon,Balbis,Decagon,Salbis,Nonagon,Hard,https://drive.google.com/open?id=1HNWg_4f_ig0ZyVhgd8dtCBreU45cLnO-&authuser=domenica.esparza@playoctopus.com&usp=drive_fs,N/A
x,,,IQ305,question305,What shape is this?,Rhombus,Rhombus,Triquetra,Trapezium,Stadium,Easy,https://drive.google.com/open?id=1UZQnyuGchuMZosrDuhuYPmcLUU-z0jGD&authuser=solongo.enkhtor@playoctopus.com&usp=drive_fs,N/A
x,,,IQ306,question306,What shape is this?,Kite,Square,Kite,Vesica Piscis,Enneagram,Easy,https://drive.google.com/open?id=1UZUkCbtCXfAg3n4wvYPbrgLy_4qoxxop&authuser=solongo.enkhtor@playoctopus.com&usp=drive_fs,N/A
x,,,IQ307,question307,What shape is this?,Parallelogram ,Rectangle,Vesica Piscis,Parallelogram ,Stadium,Easy,https://drive.google.com/open?id=1UXo6jEtlha638TmTF4idBkOlDM2Oo0By&authuser=solongo.enkhtor@playoctopus.com&usp=drive_fs,N/A
x,,,IQ308,question308,What shape is this?,Trapezoid,Enneagram,Decagon,Rectangle,Trapezoid,Very Easy,https://drive.google.com/open?id=1UXOPoASLwoFrKLiB_Qkda3Y_dodAHo49&authuser=solongo.enkhtor@playoctopus.com&usp=drive_fs,N/A
x,,,IQ321,question321,Where is this located?,Sydney,Sydney,Moscow,Tokyo,Seoul,Very Easy,https://drive.google.com/open?id=1J6K6Ky7owvL7x4n9DXrmyTi_yoDsNgc2&authuser=solongo.enkhtor@playoctopus.com&usp=drive_fs,Link
x,,,IQ322,question322,Where is this located?,California,Texas,California,New York,Cambridge,Hard,https://drive.google.com/open?id=1J7CgDRGgE_7jETEnV4IFxG7GXVst8rq9&authuser=solongo.enkhtor@playoctopus.com&usp=drive_fs,Link
x,,,IQ323,question323,Where is this located?,Paris,Rome,Vienna,Paris,London,Easy,https://drive.google.com/open?id=1JBCnYZLUwxitnNKzDzpMylp1Huqj1aBz&authuser=solongo.enkhtor@playoctopus.com&usp=drive_fs,Link
x,,,IQ324,question324,Where is this located?,Singapore,Hong Kong,Seoul,Tokyo,Singapore,Hard,https://drive.google.com/open?id=1JFtR9pweI3QfYFdWZnMmcqwL9A7NGzKF&authuser=solongo.enkhtor@playoctopus.com&usp=drive_fs,Link
x,,,IQ344,question344,What is the name of this landmark?,The Great Pyramids of Giza,The Great Pyramids of Giza,Saqqara,Pyramid of Djoser,Menkaure,Very Easy,https://drive.google.com/open?id=1VSLbRWaIQgdODNXuEDoZUDZbIPIPPpgQ&authuser=solongo.enkhtor@playoctopus.com&usp=drive_fs,Link
x,,,IQ345,question345,What is the name of this place?,Machu Picchu,Denali,Machu Picchu,Mount Fuji,Alps,Very Easy,https://drive.google.com/open?id=1VL_y2VhPe9ceeF2IjigK2WUXgGOcP2Fb&authuser=solongo.enkhtor@playoctopus.com&usp=drive_fs,Link
x,,,IQ346,question346,What is the name of this place?,Mecca,Hegra,King Fahd's Fountain,Mecca,Masmak Fortress,Hard,https://drive.google.com/open?id=1VSi1JI3W1BKypXjqS7WTZ8SE9GRUs0UA&authuser=solongo.enkhtor@playoctopus.com&usp=drive_fs,Link
x,,,IQ348,question348,What is the name of this place?,Petra,Petra,Mount Nebo,Roman Theatre,Kerak Castle,Hard,https://drive.google.com/open?id=1VGpf34RoPiV3OwXFRMcvI2ssnpLBRNIO&authuser=solongo.enkhtor@playoctopus.com&usp=drive_fs,Link
x,,,IQ349,question349,What is the name of this place?,Abu Simbel,Great Sphinx of Giza,Abu Simbel,Valley of the Kings,Karnak,Hard,https://drive.google.com/open?id=1VQoiPwTgnbX2JoD3J8eyK98g8wAc91YD&authuser=solongo.enkhtor@playoctopus.com&usp=drive_fs,Link
x,,,IQ350,question350,What is the name of this place?,Tower Bridge,Golden Gate Bridge,Big Ben,Tower Bridge,Mackinac Bridge,Easy,https://drive.google.com/open?id=1VFz4jtHSgyviDRj9sVv1CXLo2huvN_1o&authuser=solongo.enkhtor@playoctopus.com&usp=drive_fs,Link
x,,,IQ396,question396,What is the name of this bridge?,Millau Bridge,Millau Bridge,Brooklyn Bridge,Rialto Bridge,Charles Bridge,Hard,https://drive.google.com/open?id=1WR7hdWRZ7qISK8ZViKSCIqUPrA6pRXeb&authuser=solongo.enkhtor@playoctopus.com&usp=drive_fs,Link
x,,,IQ398,question398,What is the name of this place?,Las Vegas,New York,Paris,Las Vegas,Los Angeles,Easy,https://drive.google.com/open?id=1XLKifHzy4tq-4g_Qs088mbSM8vgKwYNa&authuser=solongo.enkhtor@playoctopus.com&usp=drive_fs,Link
x,,,IQ401,question401,What is the name of this place?,Guggenheim Museum,Sistine Chapel,Guggenheim Museum,The Louvre,Tate Modern,Hard,https://drive.google.com/open?id=1Wxg2pJc_-vjop4R35O85ukkE1Z4KbWpC&authuser=solongo.enkhtor@playoctopus.com&usp=drive_fs,Link
x,,,IQ403,question403,What is the name of this landmark?,Colosseum,Leaning Tower of Pisa,Trevi Fountain,Pantheon,Colosseum,Very Easy,https://drive.google.com/open?id=1WeZQdnX5lygrR6vDeDqwJcL2zYGabeXw&authuser=solongo.enkhtor@playoctopus.com&usp=drive_fs,Link
x,,,IQ404,question404,Where is this landmark?,Los Angeles,Los Angeles,San Diego,San Francisco,San Jose,Very Easy,https://drive.google.com/open?id=1WRNYqvu11bJ8dso9ev8mpOdHF9G5pm9J&authuser=solongo.enkhtor@playoctopus.com&usp=drive_fs,Link
x,,,IQ406,question406,What is the name of this landmark?,Gateway Arch,Tower Bridge,Machu Picchu,Gateway Arch,Stonehenge,Medium,https://drive.google.com/open?id=1XC0PmDh1KSobY_6ciBlYAeRA_p-cwiEa&authuser=solongo.enkhtor@playoctopus.com&usp=drive_fs,Link
x,,,IQ407,question407,What is the name of this landmark?,Leaning Tower of Pisa,Eiffel Tower,Pisa Baptistery,Leaning Tower of Pisa,Washington Monument,Very Easy,https://drive.google.com/open?id=1WgWBUyo887cgWaDl2pDej6B-4CXakKi4&authuser=solongo.enkhtor@playoctopus.com&usp=drive_fs,Link
x,,,IQ408,question408,What is the name of this landmark?,The Forbidden City,The Forbidden City,Buckingham Palace,Windsor Castle,Heian Palace,Hard,https://drive.google.com/open?id=1WpTF7r2VWWv96WsBReIqT-Yn_Oa0qy2L&authuser=solongo.enkhtor@playoctopus.com&usp=drive_fs,Link
x,,,IQ409,question409,What is the name of this landmark?,United States Capitol,Washington Monument,United States Capitol,The White House,Lincoln Memorial,Very Easy,https://drive.google.com/open?id=1X6ImT9fPAeq9Kfj0YY85Y0fyG4HQ6zdL&authuser=solongo.enkhtor@playoctopus.com&usp=drive_fs,Link
x,,,IQ410,question410,What is the name of this landmark?,Trevi Fountain,Crown Fountain,Friendship Fountain,Trevi Fountain,Bellagio Fountain,Easy,https://drive.google.com/open?id=1XLgyAFIAmfVPI8kZUnfvORIiRHG9gkPn&authuser=solongo.enkhtor@playoctopus.com&usp=drive_fs,Link
x,,,IQ411,question411,What is the name of this landmark?,Times Square,Central Park,Empire State Building,Rockefeller Center,Times Square,Very Easy,https://drive.google.com/open?id=1XMj_0KBQRpsO1WRcHfs-nUdxT2TL-MGm&authuser=solongo.enkhtor@playoctopus.com&usp=drive_fs,Link
x,,,IQ412,question412,What is the name of this landmark?,The White House,The White House,Washington Monument,Capitol Hill,Lincoln Memorial,Very Easy,https://drive.google.com/open?id=1XNJXshfIkFbeagd6JAMVWzjUUFHnQBHV&authuser=solongo.enkhtor@playoctopus.com&usp=drive_fs,Link
x,,,IQ414,question414,What is the name of this landmark?,La Sagrada Familia,Westminster Abbey,Las Lajas Sanctuary,La Sagrada Familia,Hagia Sophia,Hard,https://drive.google.com/open?id=1XdXi41hVQ1JjUQazYvj5WfswsFxuITo8&authuser=solongo.enkhtor@playoctopus.com&usp=drive_fs,Link
x,,,IQ415,question415,What is the name of this landmark?,Itsukushima Shrine,Itsukushima Shrine,Otofuke Shrine,Yudono Shrine,Tsukioka Shrine,Hard,https://drive.google.com/open?id=1ZfxsQDkMK3dlvin5v_if1Zr-V1OiuBf4&authuser=solongo.enkhtor@playoctopus.com&usp=drive_fs,Link
x,,,IQ417,question417,What is the name of this landmark?,The Grand Canyon,Joshua Tree National Park,Olympic National Park,The Grand Canyon,Great Smoky Mountains,Very Easy,https://drive.google.com/open?id=1ZxESP5g5nlDXvBf8TC2PzlQNVXMqYvA3&authuser=solongo.enkhtor@playoctopus.com&usp=drive_fs,Link
x,,,IQ418,question418,What is the name of this landmark?,Niagara Falls,Angel Falls,Iguazu Falls,Havasu Falls,Niagara Falls,Very Easy,https://drive.google.com/open?id=1Zxg8WjPtwtthB0C5pfK5BipX3Vw_iEkF&authuser=solongo.enkhtor@playoctopus.com&usp=drive_fs,Link
x,,,IQ420,question420,What is the name of this landmark?,Space Needle,Tokyo Skytree,Space Needle,Shanghai Tower,Burj Khalifa,Easy,https://drive.google.com/open?id=1Zsxpr1piwxgxAsVFtkYso0uw-oHfToQW&authuser=solongo.enkhtor@playoctopus.com&usp=drive_fs,Link
x,,,IQ422,question422,What is the name of this landmark?,The Gherkin,The Shard,City Hall,Heron Tower,The Gherkin,Hard,https://drive.google.com/open?id=1_-47f-dlh6gGnfV2niJGzJLvNczDKXs0&authuser=solongo.enkhtor@playoctopus.com&usp=drive_fs,Link
x,,,IQ424,question424,What is the name of this landmark?,Hagia Sophia,La Sagrada Familia,Hagia Sophia,Westminster Abbey,St. Basil's Cathedral,Hard,https://drive.google.com/open?id=1_BHSRokM5obbz2fRdDTNWojS1aa3bHJ6&authuser=solongo.enkhtor@playoctopus.com&usp=drive_fs,Link
x,,,IQ430,question430,Where is this located?,Kyoto,Tokyo,Hiroshima,Osaka,Kyoto,Hard,https://drive.google.com/open?id=1cflNhZAQLp1it4nebSe666gL7H0DNuha&authuser=solongo.enkhtor@playoctopus.com&usp=drive_fs,Link
x,,,IQ431,question431,Where is this located?,Hiroshima,Hiroshima,Tokyo,Kyoto,Osaka,Hard,https://drive.google.com/open?id=1cZi0aRLwMo5UojzGdugFhMVpBORblHQb&authuser=solongo.enkhtor@playoctopus.com&usp=drive_fs,Link
x,,,IQ432,question432,Where is this located?,Kyoto,Hiroshima,Kyoto,Osaka,Tokyo,Hard,https://drive.google.com/open?id=1cWcomBZDWtYoCgeteTgNa9e2Hy3bmTn5&authuser=solongo.enkhtor@playoctopus.com&usp=drive_fs,Link
x,,,IQ433,question433,What is the name of this temple?,Kinkaku-ji,Todai-ji,Kiyomizu-dera,Kinkaku-ji,Senso-ji,Hard,https://drive.google.com/open?id=1cWLKhIbY4aXpaDKYyuRid6VNZ_At9Q7R&authuser=solongo.enkhtor@playoctopus.com&usp=drive_fs,Link
x,,,IQ436,question436,What is the name of this castle?,Osaka Castle,Matsumoto Castle,Osaka Castle,Odawara Castle,Gifu Castle,Hard,https://drive.google.com/open?id=1cPLiDwpUqbSm1OULedsDYIS0BqjaIBND&authuser=solongo.enkhtor@playoctopus.com&usp=drive_fs,Link
x,,,IQ439,question439,Who is this historical figure?,Albert Einstein,Albert Einstein,Neil Armstrong,Galileo Galilei,Adam Smith,Very Easy,https://drive.google.com/open?id=1cn2YeDZWX0n6fCQK0KhRBAnp26-Fwiuu&authuser=solongo.enkhtor@playoctopus.com&usp=drive_fs,Link
x,,,IQ440,question440,Who is this historical figure?,Amelia Earhart,Agatha Christie,Amelia Earhart,Helen Keller,Marie Curie,Easy,https://drive.google.com/open?id=1cnJ2-VHn1iQEzZtXCEimLYqmMZGjxMSO&authuser=solongo.enkhtor@playoctopus.com&usp=drive_fs,Link
x,,,IQ441,question441,Who is this historical figure?,Anne Frank,Ada Lovelace,Mother Teresa,Anne Frank,Agatha Christie,Easy,https://drive.google.com/open?id=1cuNlHdHoLrbEgmSWmg_xe3tze-_nXUPa&authuser=solongo.enkhtor@playoctopus.com&usp=drive_fs,Link
x,,,IQ442,question442,Who is this historical figure?,Edgar Allan Poe,J. R. R. Tolkien,Walt Disney,William Shakespeare,Edgar Allan Poe,Easy,https://drive.google.com/open?id=1d1xyNpCn4b_-fxB_ciZ0syW_9mIPljBv&authuser=solongo.enkhtor@playoctopus.com&usp=drive_fs,Link
x,,,IQ443,question443,Who is this historical figure?,Charles Dickens,Charles Dickens,Frederick Douglass,J. R. R. Tolkien,Edgar Allan Poe,Hard,https://drive.google.com/open?id=1d9OW1SVZDdLeuGRPp9RV2GqJf45yz3GI&authuser=solongo.enkhtor@playoctopus.com&usp=drive_fs,Link
x,,,IQ444,question444,Who is this historical figure?,Elvis Presley,Marlon Brando,Elvis Presley,Anthony Quinn,Gene Kelly,Very Easy,https://drive.google.com/open?id=1dHzlU4mcfJXweaJ1HmtxamxR0Uec4t3U&authuser=solongo.enkhtor@playoctopus.com&usp=drive_fs,Link
x,,,IQ445,question445,Who is this historical figure?,Helen Keller,Rosa Parks,Jane Austen,Helen Keller,Marie Curie,Hard,https://drive.google.com/open?id=1dLiY3iHzphdUMjavmIaSquArFNzGGeCS&authuser=solongo.enkhtor@playoctopus.com&usp=drive_fs,Link
x,,,IQ446,question446,Who is this historical figure?,Isaac Newton,Isaac Newton,Niels Bohr,Charles Darwin,Alan Turing,Hard,https://drive.google.com/open?id=1dQRJHM5LEWPwwoFa2SZkvRB8nrN7ziXk&authuser=solongo.enkhtor@playoctopus.com&usp=drive_fs,Link
x,,,IQ450,question450,Who is this historical figure?,Walt Disney,Walt Disney,Charles Dickens,Edgar Allan Poe,J. R. R. Tolkien,Medium,https://drive.google.com/open?id=1dgUoY0RzOiB7Ii2QVhBzXcGyWNaTldRK&authuser=solongo.enkhtor@playoctopus.com&usp=drive_fs,Link
x,,,IQ451,question451,Who is this historical figure?,Frederick Douglass,Frederick Douglass,"Martin Luther King, Jr.",Mahatma Gandhi,Nikola Tesla,Hard,https://drive.google.com/open?id=1drXtyJtRvg-rrhu3YD6WCl5Tv4M3_yrQ&authuser=solongo.enkhtor@playoctopus.com&usp=drive_fs,Link
x,,,IQ452,question452,Who is this historical figure?,Galileo Galilei,Galileo Galilei,Isaac Newton,Aristotle,Ptolemy,Hard,https://drive.google.com/open?id=1dvRu0y1YFX7LcHYTuKbJLmZWgyshumVT&authuser=solongo.enkhtor@playoctopus.com&usp=drive_fs,Link
x,,,IQ453,question453,Who is this historical figure?,J. R. R. Tolkien,J. R. R. Tolkien,Walter Scott,Leo Tolstoy,F. Scott Fitzgerald,Hard,https://drive.google.com/open?id=1dw7fEyHeGXjfKWqRvQ2B4DM1MhfqnYhN&authuser=solongo.enkhtor@playoctopus.com&usp=drive_fs,Link
x,,,IQ454,question454,Who is this historical figure?,"Martin Luther King, Jr.","Martin Luther King, Jr.",Frederick Douglass,Mahatma Gandhi,Nelson Mandela,Very Easy,https://drive.google.com/open?id=1dxRKZDI20EecTn3wapQrPt_mdRB5EP3e&authuser=solongo.enkhtor@playoctopus.com&usp=drive_fs,Link
x,,,IQ455,question455,Who is this historical figure?,William Shakespeare,William Shakespeare,Charles Dickens,Leo Tolstoy,J. R. R. Tolkien,Easy,https://drive.google.com/open?id=1e2GLKjep9fsg4Efo7fGCtKYIa3bCx6lm&authuser=solongo.enkhtor@playoctopus.com&usp=drive_fs,Link
x,,,IQ456,question456,Who is this historical figure?,Mahatma Gandhi,Mahatma Gandhi,Henry Hudson,Charles Darwin,Genghis Khan,Easy,https://drive.google.com/open?id=1e9vtapS99QYDGDA6epnQ7FbK3-v7NgYl&authuser=solongo.enkhtor@playoctopus.com&usp=drive_fs,Link
x,,,IQ457,question457,Who is this historical figure?,Nikola Tesla,Galileo Galilei,Michael Faraday,Nikola Tesla,Nicolaus Copernicus,Hard,https://drive.google.com/open?id=1eAKrhWAyK-0Bvl3rfTgyGYRLlgWHbbIs&authuser=solongo.enkhtor@playoctopus.com&usp=drive_fs,Link
x,,,IQ458,question458,Who is this historical figure?,Genghis Khan,Oda Nobunaga,Mahatma Gandhi,Sun Tzu,Genghis Khan,Hard,https://drive.google.com/open?id=1eHqsJEpnMWTFw1c2WoKu9i3VPvncSFuz&authuser=solongo.enkhtor@playoctopus.com&usp=drive_fs,Link
x,,,IQ459,question459,Who is this historical figure?,Marie Curie,Marie Curie,Lucille Bell,Ada Lovelace,Helen Keller,Hard,https://drive.google.com/open?id=1eLHYTav4Lp6SzUd40HrnPnPoaBQsZRJe&authuser=solongo.enkhtor@playoctopus.com&usp=drive_fs,Link
x,,,IQ463,question463,Who is this historical figure?,Stephen Hawking,Stephen Hawking,Albert Einstein,Charles Dickens,Isaac Newton,Easy,https://drive.google.com/open?id=1enuInN-8gdy4yCSoWDWH6Z-Fk0cw22UX&authuser=solongo.enkhtor@playoctopus.com&usp=drive_fs,Link
x,,,IQ464,question464,What is the name of this painting?,American Gothic,American Gothic,Young Corn,Arbor Day,Fall Plowing,Hard,https://drive.google.com/open?id=1ZEk7Qn7D8IbSAqoShNqwfGowPwUbMsbe&authuser=solongo.enkhtor@playoctopus.com&usp=drive_fs,Link
x,,,IQ465,question465,What is the name of this painting?,The Last Supper,Transfiguration,The Last Supper,Supper at Emmaus,The Sistine Madonna,Medium,https://drive.google.com/open?id=1ZF_uEuBmFN_IAwDgS9l-f0ZivvW9kcht&authuser=solongo.enkhtor@playoctopus.com&usp=drive_fs,Link
x,,,IQ467,question467,What is the name of this painting?,Las Meninas,Rokeby Venus,Las Hilanderas,The Lunch,Las Meninas,Hard,https://drive.google.com/open?id=1Z_EG9Bp5MNaHSrjqQV34v7nqpEH3Y2kb&authuser=solongo.enkhtor@playoctopus.com&usp=drive_fs,Link
x,,,IQ476,question476,Who is this historical figure?,Benjamin Franklin,Ronald Fisher,Benjamin Franklin,William Harvey,Isaac Newton,Easy,https://drive.google.com/open?id=1hO_17xtm5Tak6DN6ltsRyJ6bPWkecxhr&authuser=solongo.enkhtor@playoctopus.com&usp=drive_fs,Link
x,,,IQ477,question477,Who is this historical figure?,Nicolaus Copernicus,Democritus,Anaximander,Nicolaus Copernicus,Galileo Galilei,Hard,https://drive.google.com/open?id=1hRuF2V7p66k-gUhCohhtbcxh2egVI5CC&authuser=solongo.enkhtor@playoctopus.com&usp=drive_fs,Link
x,,,IQ479,question479,Who is this historical figure?,Grace Hopper,Grace Hopper,Emmy Noether,Florence Nightingale,Nettie Stevens,Hard,https://drive.google.com/open?id=1hWmHbQMlAlFQU1KMxCpDvOddcSj1Oa1_&authuser=solongo.enkhtor@playoctopus.com&usp=drive_fs,Link
x,,,IQ481,question481,Who is this historical figure?,Rachel Carson,Grace Hopper,Jane Goodall,Rachel Carson,Emmy Noether,Hard,https://drive.google.com/open?id=1hhXgd4jvs38pstIT67RpnM1iBFChlJ_P&authuser=solongo.enkhtor@playoctopus.com&usp=drive_fs,Link
x,,,IQ482,question482,Who is this historical figure?,Sally Ride,Rosalind Franklin,Marie Curie,Rachel Carson,Sally Ride,Hard,https://drive.google.com/open?id=1hhhmh0XW64PcKN05nIZ0LBye3cD78Mop&authuser=solongo.enkhtor@playoctopus.com&usp=drive_fs,Link
x,,,IQ483,question483,Who is this historical figure?,Thomas Edison,Thomas Edison,Francis Crick,Albert Einstein,Ronald Fisher,Easy,https://drive.google.com/open?id=1hlSVmAfuPINe5Rd8VKR1OtIC4rpsoE4N&authuser=solongo.enkhtor@playoctopus.com&usp=drive_fs,Link
x,,,IQ484,question484,Who is this historical figure?,Mozart,Antonio Vivaldi,Mozart,Walter Scott,Beethoven,Medium,https://drive.google.com/open?id=1hxeSwsqIqGaitp1AG6ky9IvAuUk-_zii&authuser=solongo.enkhtor@playoctopus.com&usp=drive_fs,Link
x,,,IQ485,question485,Who is this historical figure?,Beethoven,Mozart,Antonio Vivaldi,Beethoven,Walter Scott,Medium,https://drive.google.com/open?id=1i1-k9zXQsxLqfoBNftJDYGdVBWyK5QMD&authuser=solongo.enkhtor@playoctopus.com&usp=drive_fs,Link
x,,,IQ661,question661,What is the name of this plant?,Ivy,Lavender,Ivy,Palm,Rubber Fig,Medium,https://drive.google.com/file/d/1FhIR4QKxOvqoaKSdLlSomdtpsBj7jhNn/view?usp=sharing,Link
x,,,IQ662,question662,What is the name of this plant?,Lavender,Lavender,Cycad,Ivy,Baneberry,Hard,https://drive.google.com/file/d/1FiSh3sg8Z1XoWMEw7vPWwqviOQ9PL2ia/view?usp=sharing,Link
x,,,IQ696,question696,What country is this?,Romania,Finland,Romania,Ireland,Greece,Hard,https://drive.google.com/file/d/17CwpVQP5kDO9RW1p9aMW91N2Dw5RA6yQ/view?usp=sharing,N/A
x,,,IQ697,question697,What country is this?,Finland,Greece,Turkey,Finland,Germany,Hard,https://drive.google.com/file/d/17ErgpsPBTLXSyEB9bBiNp3gXdFu0k28A/view?usp=sharing,N/A
x,,,IQ698,question698,What country is this?,Ireland,Ireland,Switzerland,Ecuador,Norway,Medium,https://drive.google.com/file/d/17HBGDo4ZXUObdeaiKSTJMGMqU-TWxCuK/view?usp=sharing,N/A
x,,,IQ699,question699,What country is this?,Poland,Brazil,Finland,Greece,Poland,Hard,https://drive.google.com/file/d/17JtfxSja_3toAKGHvntfCc3HL32CfrYr/view?usp=sharing,N/A
x,,,IQ700,question700,What country is this?,Italy,Chile,Italy,Ireland,Norway,Easy,https://drive.google.com/file/d/16jx8Io1fLolfgWyvWOSxmbUkxSZR5Twa/view?usp=sharing,N/A
x,,,IQ701,question701,What country is this?,Greece,Greece,Croatia,Japan,Turkey,Medium,https://drive.google.com/file/d/16xJRRV-Mj5KjXTwEHLeuaV6yl_8u1l3p/view?usp=sharing,N/A
x,,,IQ702,question702,What country is this?,Switzerland,Argentina,France,Switzerland,Norway,Hard,https://drive.google.com/file/d/17KIho-SsJgseTEZOJ-eFSpcy9IZJRauX/view?usp=sharing,N/A
x,,,IQ703,question703,What country is this?,Germany,Norway,Romania,Ecuador,Germany,Hard,https://drive.google.com/file/d/17NkixWpgkd7P73KT0G_XTABGPvpRIe-n/view?usp=sharing,N/A
x,,,IQ704,question704,What country is this?,Norway,Finland,Turkey,Italy,Norway,Medium,https://drive.google.com/file/d/16p-rxoKuMrXqFtwWswI_5eatHw_C3y72/view?usp=sharing,N/A
x,,,IQ705,question705,What country is this?,France,France,Australia,Ireland,Switzerland,Easy,https://drive.google.com/file/d/17PD2Eig6adm0awf7WjjCVcc8-_mSTjsG/view?usp=sharing,N/A
x,,,IQ706,question706,What country is this?,Chile,Greece,Chile,Italy,Canada,Easy,https://drive.google.com/file/d/1722ldp7UM1EfnwolG71gt8X_72fUvvTc/view?usp=sharing,N/A
x,,,IQ707,question707,What country is this?,Brazil,Australia,Brazil,Ecuador,Argentina,Medium,https://drive.google.com/file/d/16nt9BzCww-iRu17_7IzcF1-Hl5zqh6ud/view?usp=sharing,N/A
x,,,IQ708,question708,What country is this?,Canada,France,Greece,Canada,Poland,Easy,https://drive.google.com/file/d/1719QtUahq7grWMfHv8UNSUm7D8fjBoZx/view?usp=sharing,N/A
x,,,IQ709,question709,What country is this?,Ecuador,Greece,Ecuador,Argentina,Brazil,Hard,https://drive.google.com/file/d/17PT33Ftk_ASKQvrr0bgeqL6lJZjX9nMT/view?usp=sharing,N/A
x,,,IQ710,question710,What country is this?,Australia,Brazil,Romania,Finland,Australia,Very Easy,https://drive.google.com/file/d/16gm--c1qh1sKh9afbnWC43v_SIx1N3Uc/view?usp=sharing,N/A
x,,,IQ711,question711,What country is this?,Argentina,Argentina,Chile,Norway,Italy,Hard,https://drive.google.com/file/d/16oS5zvaRXUvE04dfPHXGIZ0AV4lqO6mm/view?usp=sharing,N/A
x,,,IQ712,question712,What country is this?,Turkey,Germany,Romania,Turkey,Canada,Hard,https://drive.google.com/file/d/17QRFqmPaJefRJXUvtiM6GodC7sQXR4LP/view?usp=sharing,N/A
x,,,IQ715,question715,This animal is endemic to:,China,China,Nepal,Japan,South Korea,Very Easy,https://drive.google.com/file/d/10X1JyshP_74A1Q_ujU01qptzGF_JZzOt/view?usp=sharing,Link
x,,,IQ716,question716,What animal is this? ,Camel,Butterfly,Dog,Camel,Rat,Very Easy,https://drive.google.com/file/d/1SdldZZDt9S6KttzR2KmsOTQpUxPk8IiR/view?usp=sharing,Link
x,,,IQ717,question717,What animal is this? ,Raccoon,Tiger,Giraffe,Squid,Raccoon,Very Easy,https://drive.google.com/file/d/1M5szvB_rJNbFqjfSNkHXiA3rgNh_nfrP/view?usp=sharing,Link
x,,,IQ718,question718,What animal is this? ,Squirrel,Squirrel,Monkey,Lion,Dog,Very Easy,https://drive.google.com/file/d/1pad-kjjREGtM19e0BJRjfdLH9xpsWlUb/view?usp=sharing,Link
x,,,IQ719,question719,What animal is this? ,Tiger,Zebra,Tiger,Squid,Sheep,Very Easy,https://drive.google.com/file/d/1TchmsGyEUcTlp84NYdYfC-zPq2PCrJ11/view?usp=sharing,Link
x,,,IQ720,question720,What animal is this? ,Horse,Fox,Mouse,Horse,Tiger,Very Easy,https://drive.google.com/file/d/1T5xsdt4ySyqUzKYlfUmahZshNtaXTOb2/view?usp=sharing,Link
x,,,IQ721,question721,What animal is this? ,Rooster,Dog,Panda,Seahorse,Rooster,Very Easy,https://drive.google.com/file/d/1bUMhHyKRGU03NJ-ChMlKD4Hen2FJlR3W/view?usp=sharing,Link
x,,,IQ723,question723,What animal is this? ,Monkey,Fox,Monkey,Snake,Bear,Very Easy,https://drive.google.com/file/d/14QbadZkE4AF7YfdTwffTGTMQTXZY7HY7/view?usp=sharing,Link
x,,,IQ724,question724,What animal is this? ,Snake,Elephant,Dog,Snake,Horse,Very Easy,https://drive.google.com/file/d/1cSkAfx66LkRXbN96fBbfzYg9weTJJMxz/view?usp=sharing,Link
x,,,IQ725,question725,What animal is this? ,Owl,Wolf,Sheep,Dog,Owl,Very Easy,https://drive.google.com/file/d/1TrPBUlgo_pnhI7q67a5DzeUXLa7Skhc8/view?usp=sharing,Link
x,,,IQ727,question727,What NHL sports team's mascot is a penguin?,Pittsburgh,Pittsburgh,Chicago,Portland,Phoenix,Easy,https://drive.google.com/file/d/14rVzA3L34aKKm_VHzpRRSA-XNvsWxUgq/view?usp=sharing,Link
x,,,IQ728,question728,What animal is this? ,Bat,Flamingo,Cow,Bat,Dog,Easy,https://drive.google.com/file/d/1w2W-mKt_JpTiFwUE2A-RxX671KjZRlm3/view?usp=sharing,Link
x,,,IQ729,question729,How many hearts do octopuses have?,3,2,3,4,5,Hard,https://drive.google.com/file/d/1fcbYzjVpNv0YjRPTMDm-CI9QWkxmildQ/view?usp=sharing,Link
x,,,IQ730,question730,What animal is this? ,Seahorse,Seahorse,Wolf,Monkey,Fox,Very Easy,https://drive.google.com/file/d/1Vtki3FALPME1POz5Gnyx8SzbLlwEXK04/view?usp=sharing,Link
x,,,IQ731,question731,What type of duck is this?,Mallard,Mallard,Canvasback,Marbled,Alabio,Easy,https://drive.google.com/file/d/1pUTSkIAPQs-ffb9-4JcLs6VJZgDevNce/view?usp=sharing,Link
x,,,IQ733,question733,What animal is this? ,Deer,Lion,Elephant,Snake,Deer,Very Easy,https://drive.google.com/file/d/18_zzop9mtUfgqXVA-K4vS00HzxB97Iho/view?usp=sharing,Link
x,,,IQ734,question734,What animal is this? ,Rhinoceros,Rhinoceros,Zebra,Ox,Seahorse,Very Easy,https://drive.google.com/file/d/1dqpljg6Q0DNmkyIzSYxV4_6cs3Zv44Yw/view?usp=sharing,Link
x,,,IQ735,question735,How do you say this in Spanish?,Manzana,Manzana,PlÃ¡tano,Palta,Naranja,Medium,https://drive.google.com/file/d/1IQTdWQTGocWTfyl1jOtwBxx5nsCJBXSb/view?usp=sharing,Link
x,,,IQ736,question736,How do you say this in Spanish?,PlÃ¡tano,Manzana,PlÃ¡tano,Palta,Naranja,Easy,https://drive.google.com/file/d/18CMV0_LRWW5wbZ3wcfOchFlNUApKPvkq/view?usp=sharing,Link
x,,,IQ737,question737,How do you say this in Spanish?,Palta,Manzana,PlÃ¡tano,Palta,Naranja,Hard,https://drive.google.com/file/d/1_zjKsy8XF0ca3NQXOwlMKQPF_3zBewMA/view?usp=sharing,Link
x,,,IQ738,question738,How do you say this in Spanish?,Uvas,Manzanas,Uvas,Palta,Naranjas,Hard,https://drive.google.com/file/d/1sigTvSAzJUfmk08IG_V7oZNEEu87LP97/view?usp=sharing,Link
x,,,IQ739,question739,What season is this fruit most associated with?,Summer,Summer,Spring,Fall,Winter,Very Easy,https://drive.google.com/file/d/1SnuowAnuAKUuHmPhwBMTxCLOv5BjGDHR/view?usp=sharing,Link
x,,,IQ740,question740,How do you say this in Spanish?,Coco,Manzanas,Coco,Palta,Naranjas,Easy,https://drive.google.com/file/d/1rjLhRWGNJ6N20SWEeTH3VB2pRvI6p0R9/view?usp=sharing,Link
x,,,IQ741,question741,How do you say this in Spanish?,Naranja,Manzana,PlÃ¡tano,Palta,Naranja,Hard,https://drive.google.com/file/d/1fk2TP1azDQItLvvby7x4WI2Ni1sohhwb/view?usp=sharing,Link
x,,,IQ743,question743,What fruit is this?,Lemon,Lemon,Apple,Plum,Strawberry,Easy,https://drive.google.com/file/d/1Kdsb5WvjYDXlZOsYq2S85bEgWa8QEHV6/view?usp=sharing,Link
x,,,IQ744,question744,What fruit is this?,Kiwi,Watermelon,Kiwi,Cherry,Pineapple,Easy,https://drive.google.com/file/d/10MFyLGV7S5cXVnJf3sjmI3e-0dGIjy_U/view?usp=sharing,Link
x,,,IQ745,question745,What fruit is this?,Cantaloupe,Cherry,Mango,Cantaloupe,Peach,Medium,https://drive.google.com/file/d/1QHaJ-8mYobdGbYLRQ-Vz0KJ6XFQtL2EU/view?usp=sharing,Link
x,,,IQ746,question746,What fruit is this?,Blueberry,Apple,Avocado,Kiwi,Blueberry,Very Easy,https://drive.google.com/file/d/1FggisYt0mQosI_Mmt2iXS7zd_H7Veya7/view?usp=sharing,Link
x,,,IQ747,question747,What fruit is this?,Raspberry,Raspberry,Mango,Watermelon,Lemon,Very Easy,https://drive.google.com/file/d/1IEgia1j-5Na6GysyQ-pk0qtoTtsKBmxT/view?usp=sharing,Link
x,,,IQ748,question748,What fruit is this?,Papaya,Kiwi,Papaya,Cherry,Strawberry,Medium,https://drive.google.com/file/d/1YWWui2_u0RN4R9EbdAgz_17f9icAPRz0/view?usp=sharing,Link
x,,,IQ749,question749,What fruit is this?,Mango,Raspberry,Plum,Mango,Strawberry,Easy,https://drive.google.com/file/d/1NupcDTg1fUIPjqx6QMz2lkAhOzmRyiQz/view?usp=sharing,Link
x,,,IQ750,question750,What fruit is this?,Blackberry,Mango,Orange,Apple,Blackberry,Very Easy,https://drive.google.com/file/d/1-yQaDkvVLW9QMGoIgi_sDEs7n5PyxsD1/view?usp=sharing,Link
x,,,IQ751,question751,What fruit is this?,Grapefruit,Grapefruit,Apple,Blueberry,Banana,Easy,https://drive.google.com/file/d/1qsWGlddMyyC-QorpBn8bpWexgxT2y5ah/view?usp=sharing,Link
x,,,IQ752,question752,What fruit is this?,Lime,Mango,Lime,Papaya,Blackberry,Very Easy,https://drive.google.com/file/d/1_nk33EFq6PIUrCSLOajxIVrIc1u_ul7p/view?usp=sharing,Link
x,,,IQ753,question753,What fruit is this?,Cherry,Mango,Pineapple,Cherry,Orange,Very Easy,https://drive.google.com/file/d/1kCOzlcPJNnv-DvOjPBMQaxebt24lnD6p/view?usp=sharing,Link
x,,,IQ754,question754,What fruit is this?,Peach,Melon,Strawberry,Banana,Peach,Easy,https://drive.google.com/file/d/1FQb4EnZxa1msm5ZY7NwdMDRdYiTmKfTP/view?usp=sharing,Link
x,,,IQ755,question755,What fruit is this?,Pear,Pear,Blueberry,Strawberry,Watermelon,Easy,https://drive.google.com/file/d/1eCS1BSpSb_PdC3v29ZDEE4y1h9hhqXKH/view?usp=sharing,Link
x,,,IQ756,question756,What vegetable is this?,Broccoli,Broccoli,Corn,Pumpkin,Onion,Very Easy,https://drive.google.com/file/d/1sV3A8rju9vHm0m5cxQCAMV5jVfPSzwI6/view?usp=sharing,Link
x,,,IQ757,question757,What fruit is this?,Tomato,Green Beans,Tomato,Carrot,Red Radish,Very Easy,https://drive.google.com/file/d/1bMynAfH_OIvWgw8UEyt28XUK6F1nw6tZ/view?usp=sharing,Link
x,,,IQ758,question758,What vegetable is this?,Garlic,Carrot,Broccoli,Garlic,Cauliflower,Medium,https://drive.google.com/file/d/1QG9XBuRSe77O3xLa2KUnkL9C-PmC0vZ5/view?usp=sharing,Link
x,,,IQ759,question759,What vegetable is this?,Potato,Tomato,Carrot,Pumpkin,Potato,Very Easy,https://drive.google.com/file/d/1gHJN0hy9Q61Xf44Yp0F0iq8e3OtD3KgO/view?usp=sharing,Link
x,,,IQ760,question760,What vegetable is this?,Carrot,Carrot,Onion,Tomato,Broccoli,Very Easy,https://drive.google.com/file/d/11rMU0MBgMrTvhW15JNRjjvXLhoXkm8yH/view?usp=sharing,Link
x,,,IQ761,question761,What vegetable is this?,Cauliflower,Onion,Cauliflower,Corn,Pumpkin,Medium,https://drive.google.com/file/d/1NJgD7vb8gfmjfvR62y8FoRXIfyDPj4ec/view?usp=sharing,Link
x,,,IQ762,question762,What vegetable is this?,Red Radish,Garlic,Tomato,Red Radish,Onion,Medium,https://drive.google.com/file/d/1DP3yz-IGnjHUa1WfbIXZAGmKRSVKlr0z/view?usp=sharing,Link
x,,,IQ763,question763,What vegetable is this?,Green Beans,Tomato,Carrot,Cabbage,Green Beans,Easy,https://drive.google.com/file/d/1-psKq0sOmyWyKlG5MWp7_XGC6ARE5_Ba/view?usp=sharing,Link
x,,,IQ764,question764,What vegetable is this?,Onion,Onion,Tomato,Broccoli,Carrot,Easy,https://drive.google.com/file/d/1HkCMOadbtTvzzCWbCsJowbG2PpdfOsU0/view?usp=sharing,Link
x,,,IQ765,question765,What vegetable is this?,Cabbage,Potato,Cabbage,Cucumber,Broccoli,Hard,https://drive.google.com/file/d/18VBVQqfwMBA-857G3jd18wZQaH-4-PJm/view?usp=sharing,Link
x,,,IQ766,question766,What vegetable is this?,Brussels Sprouts,Broccoli,Cauliflower,Brussels Sprouts,Tomato,Easy,https://drive.google.com/file/d/1vMbvKmsDFXF2qdmCNm-GjjXOatJjcSJ9/view?usp=sharing,Link
x,,,IQ767,question767,What fruit is this?,Pumpkin,Onion,Garlic,Cauliflower,Pumpkin,Very Easy,https://drive.google.com/file/d/1jyl0bU7bOkQ78uIR7HjOJYd8I9uZHpbq/view?usp=sharing,Link
x,,,IQ768,question768,What vegetable is this?,Corn,Corn,Yuca,Potato,Cauliflower,Very Easy,https://drive.google.com/file/d/16UYaVvfkQkgQlmN0QtHgeC1DCk6Yzbk7/view?usp=sharing,Link
x,,,IQ769,question769,What sport is this?,Cricket,Cricket,Baseball,Pickleball,Softball,Hard,https://drive.google.com/file/d/1pVRY5HTg4-RZUW6CCBMSJWSxRQy2SyC3/view?usp=sharing,Link
x,,,IQ770,question770,What sport is this?,Badminton,Pickleball,Badminton,Ping Pong,Tennis,Medium,https://drive.google.com/file/d/1_w-h-OVxWPIFIj7nHTeNuSFlnm4ij6tM/view?usp=sharing,Link
x,,,IQ771,question771,What sport is this?,Ice Hockey,Curling,lacrosse,Ice Hockey,Figure Skating,Easy,https://drive.google.com/file/d/1tp1b68BsQBUt7x-NBMGCq3XB4e3tsgGf/view?usp=sharing,Link
x,,,IQ772,question772,What sport is this?,Table Tennis,Badminton,Pickleball,Golf,Table Tennis,Easy,https://drive.google.com/file/d/1_YkfOYMHAF83FcWyBteHcyyhTDnFcEF5/view?usp=sharing,Link
x,,,IQ773,question773,What sport is this?,Golf,Golf,Cricket,Croquet,Polo,Very Easy,https://drive.google.com/file/d/14PH9zgoOMSJ4KsjmSixy6Jq--LD6qtBz/view?usp=sharing,Link
x,,,IQ774,question774,What sport is this?,American Football,Archery,American Football,Ice Hockey,Cycling,Very Easy,https://drive.google.com/file/d/1142YzgbiGCEsRw1Cc7F4n6-w-QoI4ivv/view?usp=sharing,Link
x,,,IQ775,question775,What sport is this?,Swimming,American Football,Water Polo,Swimming,Golf,Very Easy,https://drive.google.com/file/d/1tVGKJKqAKpKgvx50Ja1XygkYeMT5jVjv/view?usp=sharing,Link
x,,,IQ776,question776,What sport is this?,Cycling,Field Hockey,Volleyball,Table Tennis,Cycling,Very Easy,https://drive.google.com/file/d/1tIujWY1UW2ikPvYhP-Q49KVNKD3cawMx/view?usp=sharing,Link
x,,,IQ777,question777,What sport is this?,Boxing,Boxing,Ice Hockey,Volleyball,Cricket,Very Easy,https://drive.google.com/file/d/1Aae_QfJE4D1miHLzKiqjltrzyaqtFjTZ/view?usp=sharing,Link
x,,,IQ778,question778,What sport is this?,Surfing,Golf,Surfing,Archery,Cycling,Easy,https://drive.google.com/file/d/1VXrPmJqlW_OwyLBWTJ4gDs2l3jlt66fY/view?usp=sharing,Link
x,,,IQ779,question779,What sport is this?,Archery,Volleyball,Field Hockey,Archery,Swimming,Easy,https://drive.google.com/file/d/1YRqn3Dqr0OtPs7krjcDgZF6eKtpq7JJ8/view?usp=sharing,Link
x,,,IQ780,question780,What sport is this?,Volleyball,Golf,American Football,Boxing,Volleyball,Easy,https://drive.google.com/file/d/1wBUn_ZxpFxqU32Cldi0HiRwVi-QSiCC-/view?usp=sharing,Link
x,,,IQ781,question781,What sport is this?,Field Hockey,Field Hockey,Badminton,Lacrosse,Rugby,Hard,https://drive.google.com/file/d/1TrFvTKodmTRJESp2-2b9ai5tgkckUQwC/view?usp=sharing,Link
x,,,IQ783,question783,What animal is this? ,Caterpillar,Caterpillar,Worm,Snake,Butterfly,Very Easy,https://drive.google.com/file/d/1sSjNeA25uwUro2hw5187rRnyfCHtElRB/view?usp=sharing,Link
x,,,IQ785,question785,What animal is this? ,Crab,Crab,Lobster,Squid,Octopus,Very Easy,https://drive.google.com/file/d/1lxUWWyVpbjLL4Jj1YhmhHFAVHWmD_vtz/view?usp=sharing,Link
x,,,IQ786,question786,What animal is this? ,Dragonfly,Dragonfly,Hornet,Hornet,Butterfly,Easy,https://drive.google.com/file/d/1nBF3J-WkXLbZyOoXEqEC778-aIx37ZGL/view?usp=sharing,Link
x,,,IQ787,question787,What animal is this? ,Frog,Frog,Lizard,Turtle,Snake,Very Easy,https://drive.google.com/file/d/1XzCJFQtZVqSf2dzR-GgKbAPu9wLfEQey/view?usp=sharing,Link
x,,,IQ788,question788,What animal is this? ,Jellyfish,Jellyfish,Octopus,Dragonfly,Dolphin,Very Easy,https://drive.google.com/file/d/1dZsP3JrJUwKmKZQZI33hjJrTaFnEsxaI/view?usp=sharing,Link
x,,,IQ789,question789,What animal is this? ,Ladybug,Ladybug,Ant,Snail,Cricket,Very Easy,https://drive.google.com/file/d/17r_miFPpgLRHGJfyRN5R3MJaZ0v3Uf6l/view?usp=sharing,Link
x,,,IQ790,question790,What animal is this? ,Polar Bear,Polar Bear,Raccoon,Panda,Brown Bear,Very Easy,https://drive.google.com/file/d/10oxbNIr6QjCIadbZ9gM371_xW7pHPH6G/view?usp=sharing,Link
x,,,IQ791,question791,What animal is this? ,Turtle,Turtle,Crab,Frog,Snake,Very Easy,https://drive.google.com/file/d/1ygc00URZSmtyr1ix3NeTEqsVhohVEpOe/view?usp=sharing,Link
x,,,IQ792,question792,What animal is this? ,Red Panda,Red Panda,Bear,Raccoon,Fox,Easy,https://drive.google.com/file/d/17dZ6NQhxqEwbDs1lC690K8EnK6vUTnT1/view?usp=sharing,Link
x,,,IQ794,question794,Where is this?,Amsterdam,Amsterdam,Helsinki,Oslo,Berlin,Hard,https://drive.google.com/file/d/1m90jtI4GCfgI-CHs7-KR5STIdJVda37v/view?usp=sharing,Link
x,,,IQ795,question795,Where is this?,Moscow,Moscow,Prague,Shenzhen,Montreal,Hard,https://drive.google.com/file/d/1kSnconrZnQMDkfQ_OHsAFF_DcLth4HWk/view?usp=sharing,Link
x,,,IQ796,question796,Where is this?,San Juan,San Juan,Istanbul,Miami,Chicago,Hard,https://drive.google.com/file/d/1gUDPAKtd_-DvNaPjiD6_R-XUsFlwXiL3/view?usp=sharing,Link
x,,,IQ797,question797,Where is this?,Santorini,Santorini,Sydney,Paris,Tokyo,Very Easy,https://drive.google.com/file/d/19iwIKqcSU6q8ovCaTs5PVXZhHRafwCJN/view?usp=sharing,Link
x,,,IQ798,question798,Where is this?,Venice,Venice,Sydney,Hong Kong,Athens,Very Easy,https://drive.google.com/file/d/1e6gB2tX8c2OqJ1AA9A50pg_RQxEEe9vW/view?usp=sharing,Link
x,,,IQ799,question799,How many points are in a perfect game of bowling?,300,300,250,200,400,Easy,https://drive.google.com/file/d/1WaiAPLgTuUhRxj_y20EyqaQESdr7D8lo/view?usp=sharing,Link
x,,,IQ800,question800,What game is this?,Billiards,Billiards,Darts,Bowling,Golf,Medium,https://drive.google.com/file/d/1jrppE1LIKVO6IS49S9y4eo_VmvAuju9r/view?usp=sharing,Link
x,,,IQ801,question801,What game is this?,Dominoes,Dominoes,Chess,Yahtzee,Checkers,Easy,https://drive.google.com/file/d/1plH-G0eimPgGg0m0AzptK7jv2-VSntdi/view?usp=sharing,Link
x,,,IQ802,question802,What game is this?,Roulette,Roulette,Blackjack,Craps,Poker,Easy,https://drive.google.com/file/d/1kvFVT3AYNNKk7pCbT5dO1mBgWUtkuQI_/view?usp=sharing,Link
x,,,IQ803,question803,What is the name of this plant?,Bamboo,Bamboo,Cactus,Ivy,Orchid,Easy,https://drive.google.com/file/d/1VkTvg0YEo_HNaBGta0BmSIEX3xDfy5to/view?usp=sharing,Link
x,,,IQ804,question804,What is this instrument called?,Bass,Bass,Acoustic Guitar,Cello,Harp,Very Easy,https://drive.google.com/file/d/1XUgDmhNoqr2QU_bsZnF2iJ1fdLfegvVg/view?usp=sharing,Link
x,,,IQ805,question805,Name this dish:,Sashimi,Sashimi,Ceviche,Gazpacho,Ramen,Medium,https://drive.google.com/file/d/13l4vNguRcGasZ3n-juQvzdeHv8xYyUPI/view?usp=sharing,Link
x,,,IQ806,question806,Name this dish:,Guacamole,Guacamole,Bean Dip,Ceviche,Salad,Very Easy,https://drive.google.com/file/d/1xAbTf5PXarITKKYu82SwJ0344RYiBwvU/view?usp=sharing,Link
x,,,IQ807,question807,Name this dish:,Salmon,Salmon,Grouper,Tuna,Flounder,Very Easy,https://drive.google.com/file/d/18e3RGlyW5yODr9CqvM9Q4uaY41zJyjVf/view?usp=sharing,Link
x,,,IQ808,question808,Name this dish:,Quiche,Quiche,Croissant,Pizza,Lasagne,Easy,https://drive.google.com/file/d/1_eqj_rV5hUR32KrDlqyDJHdZ8ol6QYvI/view?usp=sharing,Link
x,,,IQ809,question809,Name this dish:,Ravioli,Ravioli,Croissant,Quiche,Tacos,Easy,https://drive.google.com/file/d/1_Aw-xyY1Q-UXF3ZXR3Z5uf2QQoQK3I_f/view?usp=sharing,Link
x,,,IQ810,question810,Name this dish:,Caesar Salad,Taco Bowl,Greek Salad,Caesar Salad,Lettuce Wrap,Easy,https://drive.google.com/file/d/12DQwX5oAsdvzOLdpqVREEzyaUo9gxRx5/view?usp=sharing,Link
x,,,IQ812,question812,Name the area:,Roman Forum,Roman Forum,Petra,Acropolis,Machu Picchu,Hard,https://drive.google.com/file/d/1-DmSNv7yoddaQBFqShLEYwWVJFVv5dOZ/view?usp=sharing,Link
x,,,IQ813,question813,What element does this symbol represent?,Iron,Iron,Aluminium,Zinc,Fluorine,Hard,https://drive.google.com/file/d/1beZYxUcTEza5fc7gdrvY_xIv9_zdTdwt/view?usp=sharing,N/A
x,,,IQ814,question814,What element does this symbol represent?,Cobalt,Cobalt,Helium,Magnesium,Boron,Hard,https://drive.google.com/file/d/1aYHcaHG3tX7DwIbB0Mth0nWhuh7aEKzN/view?usp=sharing,N/A
x,,,IQ815,question815,What element does this symbol represent?,Zinc,Zinc,Argon,Carbon,Nitrogen,Easy,https://drive.google.com/file/d/1m7XMBXlysCmija0W-D8dxClXkdIEmm5b/view?usp=sharing,N/A
x,,,IQ816,question816,What element does this symbol represent?,Helium,Helium,Oxygen,Boron,Fluorine,Easy,https://drive.google.com/file/d/1lhSx3WRCmDv7YKIUPPIn4h-gfAKvrrYD/view?usp=sharing,N/A
x,,,IQ817,question817,What element does this symbol represent?,Sodium,Sodium,Zinc,Chlorine,Phosphorus,Medium,https://drive.google.com/file/d/1ltspu_HIVlkLNRm655P5l9R_4fxUDEwu/view?usp=sharing,N/A
x,,,IQ818,question818,What element does this symbol represent?,Magnesium,Magnesium,Nitrogen,Argon,Sodium,Easy,https://drive.google.com/file/d/1kstMmXVAQg-NVcXuuiigkf7j2BmdxfJ0/view?usp=sharing,N/A
x,,,IQ819,question819,What element does this symbol represent?,Boron,Boron,Carbon,Neon,Iron,Medium,https://drive.google.com/file/d/1PUJSQg_JmgXrjMm12T_L4VgwBZ2HMocd/view?usp=sharing,N/A
x,,,IQ820,question820,What element does this symbol represent?,Oxygen,Oxygen,Carbon,Iron,Zinc,Very Easy,https://drive.google.com/file/d/1EU4pmk3gabgHBaxiwIGzRwyViRAC3o8q/view?usp=sharing,N/A
x,,,IQ821,question821,What element does this symbol represent?,Fluorine,Fluorine,Iron,Phosphorus,Chlorine,Medium,https://drive.google.com/file/d/1AvsHsC-kHbLv3T20O0NiVgwo90dpDFCC/view?usp=sharing,N/A
x,,,IQ822,question822,What element does this symbol represent?,Chlorine,Chlorine,Nitrogen,Helium,Aluminium,Easy,https://drive.google.com/file/d/1tOlGaBPGjwS0pxUY4VJNudcNGj35ul2H/view?usp=sharing,N/A
x,,,IQ823,question823,What element does this symbol represent?,Nitrogen,Nitrogen,Neon,Helium,Cobalt,Easy,https://drive.google.com/file/d/1RPBUMyLvGXSgMjgItQg4vOjfJ2XaOtkq/view?usp=sharing,N/A
x,,,IQ824,question824,What element does this symbol represent?,Aluminium,Aluminium,Silicon,Helium,Neon,Easy,https://drive.google.com/file/d/1Y0Yh179JnEAJkRfkAwePjrCf6eKBTUkh/view?usp=sharing,N/A
x,,,IQ825,question825,What element does this symbol represent?,Silicon,Silicon,Magnesium,Argon,Phosphorus,Easy,https://drive.google.com/file/d/1EZM7EerGWaoEzHbaTerCdE3kLkfvoNvJ/view?usp=sharing,N/A
x,,,IQ826,question826,What element does this symbol represent?,Argon,Argon,Boron,Neon,Cobalt,Medium,https://drive.google.com/file/d/1HT0NB473IAU4VRD_xJiP-V-tkvWjLu7_/view?usp=sharing,N/A
x,,,IQ827,question827,What element does this symbol represent?,Phosphorus,Phosphorus,Zinc,Helium,Oxygen,Medium,https://drive.google.com/file/d/1EbYZDDgLrzfKh4RwHapQGagE1gj6cJu5/view?usp=sharing,N/A
x,,,IQ828,question828,What element does this symbol represent?,Neon,Neon,Nitrogen,Chlorine,Zinc,Medium,https://drive.google.com/file/d/1AIsUo1wINYQvK_n2hfUTUROETZuQAu0V/view?usp=sharing,N/A
x,,,IQ829,question829,What element does this symbol represent?,Carbon,Carbon,Cobalt,Boron,Oxygen,Easy,https://drive.google.com/file/d/1QUVoEnH5VatXUa5B4GCypz5354boJY1Q/view?usp=sharing,N/A
x,,,IQ831,question831,What moon phase is this?,Waxing Crescent,Waxing Crescent,Last Quarter Moon,New Moon,Waning Gibbous,Hard,https://drive.google.com/file/d/1W6leLZfUAW7P-Qfo0uc72OBFXiUuF2lS/view?usp=sharing,N/A
x,,,IQ832,question832,What moon phase is this?,First Quarter Moon,First Quarter Moon,Waxing Crescent,Full Moon,Last Quarter Moon,Medium,https://drive.google.com/file/d/1isLbf_CDxIFzVQAukHRdB2ewurua4Hb1/view?usp=sharing,N/A
x,,,IQ833,question833,What moon phase is this?,Waxing Gibbous,Waxing Gibbous,First Quarter Moon,Waning Gibbous,New Moon,Hard,https://drive.google.com/file/d/16NaTfNFd2_OxntlY_D_JTO8VkF8B1NoV/view?usp=sharing,N/A
x,,,IQ835,question835,What moon phase is this?,Waning Gibbous,Waning Gibbous,New Moon,First Quarter Moon,Waxing Crescent,Hard,https://drive.google.com/file/d/19oRaY_v6iw6afL9LwDYT4OkG6cZUb8Bx/view?usp=sharing,N/A
x,,,IQ836,question836,What moon phase is this?,Last Quarter Moon,Last Quarter Moon,Waxing Crescent,Waning Gibbous,Full Moon,Medium,https://drive.google.com/file/d/1oXySuyukn7vDi2JNM28O_jFKbf_L_P17/view?usp=sharing,N/A
x,,,IQ837,question837,What moon phase is this?,Waning Crescent,Waning Crescent,First Quarter Moon,Waxing Gibbous,Waxing Crescent,Hard,https://drive.google.com/file/d/118zdGU1mCxMg1rrr8PtUdYsQDBmkb82s/view?usp=sharing,N/A
x,,,IQ841,question841,What shape is this?,Oval,Oval,Rectangle,Square,Triangle,Very Easy,https://drive.google.com/file/d/1RezK2TtlAoPzfIaYzzIydombka_t7khy/view?usp=sharing,N/A
x,,,IQ844,question844,What shape is this?,Hexagon,Hexagon,Pentagon,Decagon,Rhombus,Easy,https://drive.google.com/file/d/1FhN14LGtys1e5YrZgbzzip_5LmbYGGIj/view?usp=sharing,N/A
x,,,IQ845,question845,What shape is this?,Octagon,Octagon,Hexagon,Circle,Decagon,Easy,https://drive.google.com/file/d/1Qd-tVEYmzMJWooXB0XiYXSOn6ImaoBsS/view?usp=sharing,N/A
x,,,IQ846,question846,What state is this?,Alaska,Alaska,Massachusetts,Hawaii,Oklahoma,Easy,https://drive.google.com/file/d/1pEgXIDl5QylSbSjol8USl97-rhSZ4ch_/view?usp=sharing,N/A
x,,,IQ847,question847,What state is this?,Colorado,Colorado,Hawaii,Virginia,Maryland,Medium,https://drive.google.com/file/d/1pycX_vsq-4yqy_-1B1rIMBe1mjk8UaZ4/view?usp=sharing,N/A
x,,,IQ848,question848,What state is this?,Delaware,Delaware,Louisiana,New York,New Jersey,Medium,https://drive.google.com/file/d/1LHZTlXsRVYRIuGE5B0WR4WH5KAPo-V74/view?usp=sharing,N/A
x,,,IQ849,question849,What state is this?,Hawaii,Hawaii,Maryland,Alaska,Washington,Very Easy,https://drive.google.com/file/d/1Z79SF3DXtlQTuTJB2WvHNmMEt8kEFTob/view?usp=sharing,N/A
x,,,IQ850,question850,What state is this?,Idaho,Idaho,Washington,Massachusetts,Colorado,Easy,https://drive.google.com/file/d/1Gn2oGAWi6DBs0L42zYzOa9U97LHI6YnU/view?usp=sharing,N/A
x,,,IQ851,question851,What state is this?,Louisiana,Louisiana,Washington,Nevada,Maryland,Easy,https://drive.google.com/file/d/1dEmt5-B9nyDPZRKHAP0W6fBWN89qmn0g/view?usp=sharing,N/A
x,,,IQ852,question852,What state is this?,Maryland,Maryland,New Jersey,Alaska,Hawaii,Easy,https://drive.google.com/file/d/1A_t8CpxNFqk5sb094afrow2uQQuEb-YG/view?usp=sharing,N/A
x,,,IQ853,question853,What state is this?,Massachusetts,Massachusetts,Virginia,Idaho,Oklahoma,Easy,https://drive.google.com/file/d/1pQkp75NJ_srCWKfWr6GkT42wFJ9fvoqt/view?usp=sharing,N/A
x,,,IQ854,question854,What state is this?,Nevada,Nevada,New York,Louisiana,Colorado,Easy,https://drive.google.com/file/d/19Pe1VYFb7Mnt-Axmhcb4dzqX7KAw2YAz/view?usp=sharing,N/A
x,,,IQ855,question855,What state is this?,New Jersey,New Jersey,Oklahoma,New York,Idaho,Easy,https://drive.google.com/file/d/11SR-t-HHF4BYImOtjX2KhKlpG3csmmRs/view?usp=sharing,N/A
x,,,IQ856,question856,What state is this?,New York,New York,Delaware,Washington,Alaska,Easy,https://drive.google.com/file/d/1mynya--70mlyYI8g8QKljkMRFSCVvDfz/view?usp=sharing,N/A
x,,,IQ857,question857,What state is this?,Oklahoma,Oklahoma,Massachusetts,Louisiana,New York,Medium,https://drive.google.com/file/d/1NvhBJKXeCBUupobVg9BI89TYnFabM-xZ/view?usp=sharing,N/A
x,,,IQ858,question858,What state is this?,Virginia,Virginia,Nevada,Alaska,Hawaii,Easy,https://drive.google.com/file/d/1QxL97iAzHEFteeZ5S6qDhM4ggaCt5mVd/view?usp=sharing,N/A
x,,,IQ859,question859,What state is this?,Washington,Washington,Virginia,Delaware,Colorado,Easy,https://drive.google.com/file/d/1BonnlR34JnSYYFt5lnPu4t34pOiAseVY/view?usp=sharing,N/A
x,,,IQ860,question860,What state is this?,West Virginia,West Virginia,Idaho,Massachusetts,Louisiana,Medium,https://drive.google.com/file/d/13TuEm1n8vFjbM2StKgpiMGzLVrFGJAEV/view?usp=sharing,N/A
x,,,IQ862,question862,What country's flag is this?,Russia,Russia,Cuba,Sweden,France,Medium,https://drive.google.com/file/d/1xTKFQIZpLKZ1ElIIMqVj3MTWbEkugR9L/view?usp=sharing,N/A
x,,,IQ863,question863,What country's flag is this?,United Kingdom,United Kingdom,Italy,Canada,Australia,Very Easy,https://drive.google.com/file/d/1weY4SrztWzIKmnDPzJlJYHBVFjjJaDFv/view?usp=sharing,N/A
x,,,IQ864,question864,What country's flag is this?,China,China,Italy,Japan,Thailand,Medium,https://drive.google.com/file/d/1NF8ct_Uv7iXjRBrb-6q6PEAVMK4PYnwl/view?usp=sharing,N/A
x,,,IQ865,question865,What country's flag is this?,France,France,Germany,Sweden,Romania,Easy,https://drive.google.com/file/d/1eJacLsHu6LJrCUrju6RjlxxB3RH4NZHZ/view?usp=sharing,N/A
x,,,IQ866,question866,What country's flag is this?,Italy,Italy,Norway,Belgium,Switzerland,Easy,https://drive.google.com/file/d/1NT-YevIbbEqiTcXbuGbm09DHEFJn_l2c/view?usp=sharing,N/A
x,,,IQ867,question867,What country's flag is this?,Germany,Germany,Finland,Romania,Bulgaria,Easy,https://drive.google.com/file/d/16k9tSgslXcV-Pa5TcAOx6xger137EdaT/view?usp=sharing,N/A
x,,,IQ868,question868,What country's flag is this?,Hungary,Hungary,Netherlands,New Zealand,France,Hard,https://drive.google.com/file/d/1iirxTJh_ftkTbPcImlarYy9qPSCZ3cUP/view?usp=sharing,N/A
x,,,IQ869,question869,What country's flag is this?,Australia,Australia,Turkey,Norway,Denmark,Medium,https://drive.google.com/file/d/1TgitP3sDSF-tmhvY_KEOElS1hH4TTjzh/view?usp=sharing,N/A
x,,,IQ870,question870,What country's flag is this?,Sweden,Sweden,Netherlands,Spain,Turkey,Medium,https://drive.google.com/file/d/1Gmlr748DCTuhUdb2owFAi0BPiypSNOYx/view?usp=sharing,N/A
x,,,IQ871,question871,What country's flag is this?,Finland,Finland,South Africa,Italy,Russia,Medium,https://drive.google.com/file/d/189dGPh-dnJVHZD9G1aeKcLtw5dEX4IwB/view?usp=sharing,N/A
x,,,IQ872,question872,What country's flag is this?,Netherlands,Netherlands,Belgium,Ireland,Mexico,Hard,https://drive.google.com/file/d/14GM_q-Ul46z6-ceM2FlTHT0U0WIYPBR7/view?usp=sharing,N/A
x,,,IQ873,question873,What country's flag is this?,Romania,Romania,Italy,France,Germany,Hard,https://drive.google.com/file/d/16pym2cQ_X6l1lWuPOrXIdrVJANSGoU7q/view?usp=sharing,N/A
x,,,IQ874,question874,What country's flag is this?,Cuba,Cuba,Kenya,Greece,Spain,Hard,https://drive.google.com/file/d/18EMyPc_vb_HW8vVMO0Oqc8GjCow580Hs/view?usp=sharing,N/A
x,,,IQ875,question875,What country's flag is this?,Poland,Poland,Russia,Italy,Finland,Hard,https://drive.google.com/file/d/12c8vmLPCwmMHNinyBu3zfy2XPYYB3pB_/view?usp=sharing,N/A
x,,,IQ876,question876,What country's flag is this?,Canada,Canada,United States,Australia,France,Very Easy,https://drive.google.com/file/d/1lE1_T0Ja2JrWsQshi6icwul6DNSCB0IT/view?usp=sharing,N/A
x,,,IQ877,question877,What country's flag is this?,Norway,Norway,Netherlands,Switzerland,Spain,Hard,https://drive.google.com/file/d/197jUAcSQTS3D2t29wXQaS0XYKSPlqDLj/view?usp=sharing,N/A
x,,,IQ878,question878,What country's flag is this?,Bulgaria,Bulgaria,Italy,France,Thailand,Hard,https://drive.google.com/file/d/1agMJ4wC2YkH6ZPIFrv_XeO0nxgTWENBD/view?usp=sharing,N/A
x,,,IQ879,question879,What country's flag is this?,New Zealand,New Zealand,Canada,United Kingdom,China,Hard,https://drive.google.com/file/d/1CmlwsMcdmn6P49BP916UsdOlY_HDktX7/view?usp=sharing,N/A
x,,,IQ880,question880,What country's flag is this?,Switzerland,Switzerland,Netherlands,Hungary,Italy,Easy,https://drive.google.com/file/d/1-ETjcxPDU2jCq7m9cuhG42ZSTnWaG3C9/view?usp=sharing,N/A
x,,,IQ881,question881,What country's flag is this?,Denmark,Denmark,Romania,Finland,Hungary,Medium,https://drive.google.com/file/d/1I5waw1Nyet5ZQLKeAOeH6pYgvKk4redc/view?usp=sharing,N/A
x,,,IQ882,question882,What country's flag is this?,Spain,Spain,Italy,Mexico,Norway,Easy,https://drive.google.com/file/d/1AnB6gw6H1kPz5JkkbOaU7reKBpSPeuKY/view?usp=sharing,N/A
x,,,IQ883,question883,What country's flag is this?,Belgium,Belgium,Germany,France,Hungary,Hard,https://drive.google.com/file/d/1rRkzhGxrshU1wPEl-Fu_dFnUucKam751/view?usp=sharing,N/A
x,,,IQ884,question884,What country's flag is this?,Turkey,Turkey,China,South Africa,Sweden,Medium,https://drive.google.com/file/d/1uUtiKZ1r9h7l23_q-YGDkdo9rBE4qPoR/view?usp=sharing,N/A
x,,,IQ885,question885,What country's flag is this?,Greece,Greece,Italy,Sweden,Australia,Easy,https://drive.google.com/file/d/1eJiZ3ba58c75BpW4QxOMnpAuiCtYph8l/view?usp=sharing,N/A
x,,,IQ887,question887,What country's flag is this?,Ukraine,Ukraine,Norway,Switzerland,Denmark,Very Easy,https://drive.google.com/file/d/1jAZ8QMBrJI2ve4klMyuiBANk2Flqcx8q/view?usp=sharing,N/A
x,,,IQ888,question888,What country's flag is this?,South Africa,South Africa,Czech Republic,Jamaica,Mexico,Easy,https://drive.google.com/file/d/1js3RPvxOhNRE5HkuSXElmUgupoUFegM7/view?usp=sharing,N/A
x,,,IQ889,question889,What country's flag is this?,Jamaica,Jamaica,Mexico,Kenya,Turkey,Easy,https://drive.google.com/file/d/19vfpWZBBPEKqS4h74cGjLFLpXyUSPu4e/view?usp=sharing,N/A
x,,,IQ890,question890,What country's flag is this?,Czech Republic,Czech Republic,Russia,New Zealand,Greece,Hard,https://drive.google.com/file/d/12grU6LsiDRwXFi8U5q8diKdASx_EsfkO/view?usp=sharing,N/A
x,,,IQ891,question891,What country's flag is this?,Mexico,Mexico,Jamaica,Italy,Denmark,Very Easy,https://drive.google.com/file/d/1zv-SHS11r3DSvFf0cQqil1bQN1LiuaiE/view?usp=sharing,N/A
x,,,IQ892,question892,What country's flag is this?,Ireland,Ireland,Italy,France,Ukraine,Very Easy,https://drive.google.com/file/d/15LB-EDE6a50wbYMIShHjACcarR9Ss6HD/view?usp=sharing,N/A
x,,,IQ893,question893,What country's flag is this?,India,India,Thailand,Mexico,Jamaica,Medium,https://drive.google.com/file/d/1LKrOzgXWzY2zDh_cn6Dqd6BXOhPUgRZq/view?usp=sharing,N/A
x,,,IQ894,question894,What country's flag is this?,Thailand,Thailand,China,South Korea,Japan,Hard,https://drive.google.com/file/d/1Qo8z9pmMyj8RfLIRgU6M2K7nseV13NaN/view?usp=sharing,N/A
x,,,IQ895,question895,What country's flag is this?,Mongolia,Mongolia,Japan,South Korea,China,Hard,https://drive.google.com/file/d/1OuRC7z3X83urdzHu-QcVKLi4flAtNtBT/view?usp=sharing,N/A
x,,,IQ896,question896,What country's flag is this?,Iceland,Iceland,United Kingdom,Hungary,Australia,Hard,https://drive.google.com/file/d/1lnIbJgqMRD1GasSiIAF-r37cMBqe4vz5/view?usp=sharing,N/A
x,,,IQ897,question897,What activity is this?,Bungee Jumping,Bungee Jumping,Rappelling,Skydiving,Ballooning,Easy,https://drive.google.com/file/d/166NLZbMHsxm6ilZpWO699MXy53Oixueh/view?usp=sharing,Link
x,,,IQ898,question898,What activity is this?,Hang Gliding,Hang Gliding,Bungee Jumping,Ballooning,Skydiving,Very Easy,https://drive.google.com/file/d/1672w2kbC58KcpcHsTrseI4fNbYXlOCEz/view?usp=sharing,Link
x,,,IQ899,question899,What activity is this?,Rock Climbing,Rock Climbing,Sandboarding,Base Jumping,Motocross,Very Easy,https://drive.google.com/file/d/166j2G4cgfCrM_3BCLBU8vIymlnyeS4-i/view?usp=sharing,Link
x,,,IQ900,question900,What year was the first successful skydive?,1797,1797,1832,1897,1902,Hard,https://drive.google.com/file/d/166xDVBfi-Hs0qLnS2M5PzH6i1Kt0unM_/view?usp=sharing,Link
x,,,IQ901,question901,What board game is this?,Checkers,Checkers,Chess,Mahjong,Othello,Very Easy,https://drive.google.com/file/d/169zU3FTFp5tuGJcLLi0kcj6epewa0TgR/view?usp=sharing,Link
x,,,IQ902,question902,What board game is this?,Chess,Chess,Checkers,Shogi,Go,Easy,https://drive.google.com/file/d/169aNWtd5uuH8s2WFCOs4mOcX-Wg3T9n4/view?usp=sharing,Link
x,,,IQ903,question903,What board game is this?,Mahjong,Mahjong,Shogi,Chess,Othello,Hard,https://drive.google.com/file/d/16CyhSTwwZaban0wpgU6N_pEtkG_ncMOk/view?usp=sharing,Link
x,,,IQ904,question904,What board game is this?,Othello,Othello,Chess,Mahjong,Shogi,Medium,https://drive.google.com/file/d/16D2SpDlVLCK_HDpf5ql9BUb6shl3YgIi/view?usp=sharing,Link
x,,,IQ905,question905,What type of column is this?,Doric,Doric,Corinthian,Ionic,Composite,Hard,https://drive.google.com/file/d/16EqLhtne4NDhmEsc-asoEZEhzUvjm8mg/view?usp=sharing,Link
x,,,IQ906,question906,What type of column is this?,Ionic,Ionic,Doric,Corinthian,Tuscan,Hard,https://drive.google.com/file/d/16H9PxxIogdkoabOjWSqMWjixYkpORHMY/view?usp=sharing,Link
x,,,IQ907,question907,What type of column is this?,Corinthian,Corinthian,Tuscan,Doric,Ionic,Hard,https://drive.google.com/file/d/16HGRnd-DRWimfDWU_TysA6yTjUCj_hhy/view?usp=sharing,Link
x,,,IQ908,question908,What country is this?,China,China,Panama,Iceland,Greenland,Hard,https://drive.google.com/file/d/16mGzx8CoDlnjY1NWFNZAsalY8__A_8mJ/view?usp=sharing,N/A
x,,,IQ909,question909,What country is this?,Croatia,Croatia,Iceland,Russia,India,Medium,https://drive.google.com/file/d/16yc8ZLLQXC5dIZP5J8aEGa3oKpYtDuyH/view?usp=sharing,N/A
x,,,IQ910,question910,What country is this?,Egypt,Egypt,India,Croatia,Greece,Hard,https://drive.google.com/file/d/16sL1ulgUxaY5eQhk4iGrTuKKWXLaJ0-L/view?usp=sharing,N/A
x,,,IQ911,question911,What country is this?,Greenland,Greenland,China,Panama,Iceland,Medium,https://drive.google.com/file/d/1746-w-yzDsGuuccSebrc5XJ4PdjXNj5k/view?usp=sharing,N/A
x,,,IQ912,question912,What country is this?,Iceland,Iceland,United States,Greenland,Egypt,Medium,https://drive.google.com/file/d/177fqi1XuqdzctmIiHi-iLBOpk-7ezZw4/view?usp=sharing,N/A
x,,,IQ913,question913,What country is this?,India,India,Japan,Iceland,Italy,Easy,https://drive.google.com/file/d/16lBuXFdsDnWMHwJAN0tIFZxXLkc2cTIa/view?usp=sharing,N/A
x,,,IQ914,question914,What country is this?,Japan,Japan,Russia,Mongolia,Italy,Very Easy,https://drive.google.com/file/d/16uNdFJXSrEdvcgTJkkjiyyGKIhXUjTmw/view?usp=sharing,N/A
x,,,IQ915,question915,What country is this?,Mexico,Mexico,Mongolia,China,United States,Easy,https://drive.google.com/file/d/179CCn3G24mB8v0wzzF_uCLoRjl0-RVjF/view?usp=sharing,N/A
x,,,IQ916,question916,What country is this?,Panama,Panama,Croatia,Costa Rica,Cuba,Hard,https://drive.google.com/file/d/16wVAU0QP5VMb6NWV_8pg_nb_gbVvJmzl/view?usp=sharing,N/A
x,,,IQ917,question917,What country is this?,Russia,Russia,Egypt,Canada,England,Medium,https://drive.google.com/file/d/17-ooji83XlJT9dtGTTXn-tGIu833MXO4/view?usp=sharing,N/A
x,,,IQ918,question918,How many time zones are in the United States?,6,4,5,6,7,Medium,https://drive.google.com/file/d/16i5A9go_Yot0RyGeLoZpWO20z9ZsnG4b/view?usp=sharing,N/A
x,,,IQ919,question919,Which U.S. President is this?,George Washington,George Washington,Theodore Roosevelt,Thomas Jefferson,Abraham Lincoln,Very Easy,https://drive.google.com/file/d/15o4zsR9daNNNF8ab0dnuczyDKd7SKs9j/view?usp=sharing,Link
x,,,IQ920,question920,Which U.S. President is this?,Thomas Jefferson,Thomas Jefferson,Theodore Roosevelt,Andrew Jackson,John F. Kennedy,Easy,https://drive.google.com/file/d/15op648giYoYUuybw4t26WFnE5irnkvRv/view?usp=sharing,Link
x,,,IQ921,question921,Which U.S. President is this?,Andrew Jackson,Andrew Jackson,George Washington,William Howard Taft,Abraham Lincoln,Hard,https://drive.google.com/file/d/15p5eQS9V8-LJLTvcZ7w1m4OIu9FySmBk/view?usp=sharing,Link
x,,,IQ922,question922,Which U.S. President is this?,Abraham Lincoln,Abraham Lincoln,Woodrow Wilson,Thomas Jefferson,Bill Clinton,Very Easy,https://drive.google.com/file/d/15qF6Vgqleot_6JSxzfjtB6C8SF6RW7vJ/view?usp=sharing,Link
x,,,IQ923,question923,Which U.S. President is this?,Theodore Roosevelt,Theodore Roosevelt,John F. Kennedy,Richard Nixon,Franklin D. Roosevelt,Medium,https://drive.google.com/file/d/15s9w20CgEGTvQ-AnntySx7GMEfEIRdUt/view?usp=sharing,Link
x,,,IQ924,question924,Which U.S. President is this?,William Howard Taft,William Howard Taft,Dwight D. Eisenhower,Abraham Lincoln,Ronald Reagan,Hard,https://drive.google.com/file/d/15sEpn-hpYbBkur0W6gTFK28kSOyljzcV/view?usp=sharing,Link
x,,,IQ925,question925,Which U.S. President is this?,Woodrow Wilson,Woodrow Wilson,Andrew Jackson,George Washington,Richard Nixon,Hard,https://drive.google.com/file/d/15sbGt4Gg8l1mIMC0-nONEvE4x6wi2e0X/view?usp=sharing,Link
x,,,IQ926,question926,Which U.S. President is this?,Franklin D. Roosevelt,Franklin D. Roosevelt,Ronald Reagan,William Howard Taft,Woodrow Wilson,Medium,https://drive.google.com/file/d/15uOslwvGq_1QQhnOyK9bo11fiscp_jQ5/view?usp=sharing,Link
x,,,IQ927,question927,Which U.S. President is this?,Dwight D. Eisenhower,Dwight D. Eisenhower,Franklin D. Roosevelt,Thomas Jefferson,Bill Clinton,Hard,https://drive.google.com/file/d/15zNErhUZg7R43i-nCjyF7CRF5jV5efn5/view?usp=sharing,Link
x,,,IQ928,question928,Which U.S. President is this?,John F. Kennedy,John F. Kennedy,Bill Clinton,Theodore Roosevelt,Dwight D. Eisenhower,Very Easy,https://drive.google.com/file/d/16-MPOL_fHoRz_jaLWIh626hypZJSwMg_/view?usp=sharing,Link
x,,,IQ929,question929,Which U.S. President is this?,Richard Nixon,Richard Nixon,George Washington,Andrew Jackson,Theodore Roosevelt,Easy,https://drive.google.com/file/d/161ssqkO-JBVPG9s4qQXQq8CdX4pnaxax/view?usp=sharing,Link
x,,,IQ930,question930,Which U.S. President is this?,Ronald Reagan,Ronald Reagan,Dwight D. Eisenhower,Franklin D. Roosevelt,John F. Kennedy,Easy,https://drive.google.com/file/d/162hYkhZIkXB_eRQGBsUTSV42HGciWF7B/view?usp=sharing,Link
x,,,IQ931,question931,Which U.S. President is this?,Bill Clinton,Bill Clinton,Richard Nixon,Dwight D. Eisenhower,Ronald Reagan,Very Easy,https://drive.google.com/file/d/162m8Ps-sJlKUdYxgEj20VmfnLi_APvs-/view?usp=sharing,Link
x,,,IQ932,question932,What is this instrument called?,Theremin,Theremin,Piano,Xylophone,Pan Flute,Hard,https://drive.google.com/file/d/16OHK2Y6rg67PUyEEHy_-JtDdV1kyK2zm/view?usp=sharing,Links
x,,,IQ933,question933,What instrument family is this?,Woodwind,Woodwind,Strings,Brass,Keyboard,Medium,https://drive.google.com/file/d/16S02Oe6CmyhctaFN_WwfQXROexzvkV5P/view?usp=sharing,Link
x,,,IQ934,question934,What is this instrument called?,Bagpipes,Bagpipes,Accordion,Trumpet,Saxophone,Very Easy,https://drive.google.com/file/d/16SfRBWm5mGsPQYjyaCSVGzbpPoAJIbHR/view?usp=sharing,Link
x,,,IQ935,question935,What is this instrument called?,Accordion,Accordion,Piano,Organ,Bagpipes,Easy,https://drive.google.com/file/d/16Sq9CcwW8cozkzE37PHKRmDMsSGucSSF/view?usp=sharing,Link
x,,,IQ936,question936,What is this instrument called?,Harp,Harp,Banjo,Ukulele,Guitar,Very Easy,https://drive.google.com/file/d/16TntutXyr9NwPYdVkSMl6he5gRBRLEMD/view?usp=sharing,Link
x,,,IQ937,question937,What instrument family is this?,Brass,Woodwind,Strings,Brass,Keyboard,Medium,https://drive.google.com/file/d/16Ts58ZwfPS6DwzssieMxaQ9zofZH75K7/view?usp=sharing,Link
x,,,IQ938,question938,What is this instrument called?,Banjo,Banjo,Guitar,Ukulele,Theremin,Medium,https://drive.google.com/file/d/16UViXQi9LvvASBxE1JJzibKoslIZEKTz/view?usp=sharing,Link
x,,,IQ939,question939,What is this instrument called?,Pan Flute,Pan Flute,Clarinet,Saxophone,Trumpet,Medium,https://drive.google.com/file/d/16W0XKjYBrChK7kcGD8dmkjc4DB7RJMA1/view?usp=sharing,Link
x,,,IQ940,question940,What is this instrument called?,Gong,Gong,Drums,Xylophone,Accordion,Easy,https://drive.google.com/file/d/16WINgzQ8JM1UvR1sukVwLPIfUMKVX_sV/view?usp=sharing,Link
x,,,IQ941,question941,What is this instrument called?,Alphorn,Alphorn,Tuba,Pan Flute,Trumpet,Hard,https://drive.google.com/file/d/16YoEPOQR8qW_WQ7WEzDODS9Fp1w53VX6/view?usp=sharing,Link
x,,,IQ942,question942,What instrument family is this?,Woodwind,Woodwind,Strings,Brass,Keyboard,Hard,https://drive.google.com/file/d/16Z-qNUd0e76XIeViPJni5JVgvUNKpSHh/view?usp=sharing,Link
x,,,IQ943,question943,What is this instrument called?,Maracas,Maracas,Bells,Bagpipes,Xylophone,Easy,https://drive.google.com/file/d/16ayw8Vz5UmQUsMeKS_wuelvRoV-lJ42K/view?usp=sharing,Link
x,,,IQ944,question944,What is this instrument called?,Ukulele,Ukulele,Bass,Banjo,Harp,Easy,https://drive.google.com/file/d/16bb1kIt0JfLpEmCOSg7-SFPTLX2zQwZ6/view?usp=sharing,Link
x,,,IQ945,question945,What is this instrument called?,Trumpet,Trumpet,Tuba,Pan Flute,Bagpipes,Easy,https://drive.google.com/file/d/16d9bJ0ah2QyuHIpSFPHA1ddJQC7gGPvT/view?usp=sharing,Link
x,,,IQ946,question946,What instrument family is this?,Percussion,Percussion,Strings,Brass,Keyboard,Hard,https://drive.google.com/file/d/16dSpOXQZA75K6l21acZHjlk8wk1pxAN2/view?usp=sharing,Link
x,,,IQ947,question947,What is this instrument called?,Organ,Organ,Grand Piano,Accordion,Xylophone,Easy,https://drive.google.com/file/d/16dtv-TVVnW0dsh8VFcAHhK_CYqP0vkTJ/view?usp=sharing,Link
x,,,IQ948,question948,What instrument family is this?,Percussion,Percussion,Strings,Brass,Keyboard,Very Easy,https://drive.google.com/file/d/16eT_W-aI4jaDrO5xmepQyizBMcJRzk0m/view?usp=sharing,Link
x,,,IQ951,question951,What is this painting style called?,Pointillism,Pointillism,Cubism,Op Art,Fauvism,Hard,https://drive.google.com/file/d/15aq2n5henMMTDjdndXcPrgDd7OFvcaR0/view?usp=sharing,Link
x,,,IQ956,question956,Where is this located?,Beijing,Beijing,Tokyo,Seoul,Hong Kong,Medium,https://drive.google.com/file/d/15jHKZwRygRYN0RACWNIcSPCTPWyRfEI5/view?usp=sharing,Link
x,,,IQ957,question957,Where is this located?,Toronto,Toronto,Milan,Vatican City,Beijing,Medium,https://drive.google.com/file/d/15f4iO9fnHD47NUTkIIjCZHAzz-60Y3Uj/view?usp=sharing,Link
x,,,IQ958,question958,Where is this located?,Wyoming,Wyoming,Australia,Tibet,Italy,Hard,https://drive.google.com/file/d/15jdhaDP3DSHBqQu46Z7C-BFezjnpLzQa/view?usp=sharing,Link
x,,,IQ959,question959,Where is this located?,Italy,Italy,Greece,Canada,Australia,Hard,https://drive.google.com/file/d/15jNdwurkVz-_BvGKykTEMa8g1NgGCzL5/view?usp=sharing,Link
x,,,IQ960,question960,Where is this located?,Wyoming,Wyoming,Idaho,Washington,California,Hard,https://drive.google.com/file/d/15h2oCiF-U3PC99XojwbwNepvuljv4Bfb/view?usp=sharing,Link
x,,,IQ961,question961,Where is this located?,Argentina,Argentina,Mexico,Netherlands,Canada,Hard,https://drive.google.com/file/d/15g8zpl9MJjmSiw0kWZwwyDfN_Xudos9b/view?usp=sharing,Link
x,,,IQ962,question962,Where is this located?,San Francisco,San Francisco,Toronto,Honolulu,Sydney,Medium,https://drive.google.com/file/d/15ghIgdczOEZiFHvKF-CBIBWArPfx8U6u/view?usp=sharing,Link
x,,,IQ963,question963,Where is this located?,Tibet,Tibet,Russia,Germany,United States,Hard,https://drive.google.com/file/d/16BPGkQKv_6fSycA9H0Zpytd0FouwQXn5/view?usp=sharing,Link
x,,,IQ964,question964,Where is this located?,Philadelphia,Philadelphia,Vatican City,San Francisco,Washington DC,Easy,https://drive.google.com/file/d/1edyFWpayNDhT9NLTc0on7d11W-EgZF5B/view?usp=sharing,Link
x,,,IQ965,question965,Where is this located?,Singapore,Singapore,Japan,Thailand,Vietnam,Medium,https://drive.google.com/file/d/1lDkwC467tVFz9javmfLV5Hjd_8Z3Z9SI/view?usp=sharing,Link
x,,,IQ966,question966,Where is this located?,Netherlands,Netherlands,Germany,Egypt,Argentina,Hard,https://drive.google.com/file/d/139dNqX9eTZC4zbp4qLaX2Z2SNzuLIHNO/view?usp=sharing,Link
x,,,IQ967,question967,Where is this located?,Washington DC,Washington DC,Honolulu,Beijing,Toronto,Medium,https://drive.google.com/file/d/1CongqlZoOTMVXKkn-156MqGX-dMU2aZ-/view?usp=sharing,Link
x,,,IQ968,question968,Where is this located?,Athens,Athens,Rome,Istanbul,Madrid,Easy,https://drive.google.com/file/d/1rrAseqYO1U725Ld3vHj-uw_gDyHb7xPd/view?usp=sharing,Link
x,,,IQ969,question969,Where is this located?,Salt Lake City,Salt Lake City,Seattle,Miami,New York City,Hard,https://drive.google.com/file/d/1HzLwmFtkZzFFi6XkqMgQysaqxyH1nTgT/view?usp=sharing,Link
x,,,IQ970,question970,Where is this located?,Seattle,Seattle,Los Angeles,Chicago,Washington DC,Medium,https://drive.google.com/file/d/1EBrVPmZ9ep24SR7tBBjCnShOY29xe3fD/view?usp=sharing,Link
x,,,IQ971,question971,Where is this located?,Vatican City,Vatican City,Paris,Rome,Athens,Easy,https://drive.google.com/file/d/1WBI7LK82Au_iUbzOvpNNpFKMRNq6xNtk/view?usp=sharing,Link
x,,,IQ972,question972,Where is this located?,Honolulu,Honolulu,Miami,Tampa,San Jose,Medium,https://drive.google.com/file/d/16R5uwAqA1AnbTryFS1_6eZqDVikcVkWC/view?usp=sharing,Link
x,,,IQ973,question973,Who is this historical figure?,Henry Ford,Henry Ford,Charles Darwin,Woodrow Wilson,Thomas Edison,Medium,https://drive.google.com/file/d/16L5121Qn9vU5Z1Ba_2owQJkgRg9cPlju/view?usp=sharing,Link
x,,,IQ974,question974,Who is this historical figure?,Sigmund Freud,Sigmund Freud,Karl Marx,J.P. Morgan,Charles Darwin,Hard,https://drive.google.com/file/d/16MPjLsxv-tIfBS8OOQbcbm94wFWhU6c5/view?usp=sharing,Link
x,,,IQ975,question975,Who is this historical figure?,Vlad III,Vlad III,John Hunyadi,Bram Stoker,Mehmed II,Hard,https://drive.google.com/file/d/16MLS3gl3xZG8gyHtMWidUQNa3lYz_64X/view?usp=sharing,Link
x,,,IQ976,question976,Who is this historical figure?,Paul Revere,Paul Revere,Ichabod Crane,Samuel Adams,John Hancock,Hard,https://drive.google.com/file/d/1yNT4R6fI8OgTLYnhoTJp3Qq8y7vvme96/view?usp=sharing,Link
x,,,IQ977,question977,Who is this historical figure?,Dr. Seuss,Dr. Seuss,Roald Dahl,Maurice Sendak,Rudyard Kipling,Medium,https://drive.google.com/file/d/1pyuJ87lpDNIJUJPUWUHLeo4SZDXmh4wN/view?usp=sharing,Link
x,,,IQ978,question978,What is this called?,Newtonâs Cradle,Newtonâs Cradle,Rube Goldberg Machine,Magnetic Balls,Perpetual Motion Machine,Medium,https://drive.google.com/file/d/164lO1KrKAH0ts6Cd0K9t-mqtngOsRoty/view?usp=sharing,Link
x,,,IQ979,question979,What is this called?,Inukshuk,Inukshuk,Tuktuk,Mukluk,Qanuk,Hard,https://drive.google.com/file/d/165NwqcwCtCuEbq3VDS3Wz53LAjsEV726/view?usp=sharing,Link
x,,,IQ980,question980,What is this called?,Matryoshka,Matryoshka,Mayovka,Mazhory,Moscovsky,Medium,https://drive.google.com/file/d/1NjkHTBLd56pIyrK3jHzn0ylctegb4Y5M/view?usp=sharing,Link
x,,,IQ981,question981,What is this called?,Fidget Spinner,Fidget Spinner,Twitcher,Nervous Nelly,Wriggle Twister,Easy,https://drive.google.com/file/d/1U4KdbodqjxBBl6Y1rYLL94SQ024y46YX/view?usp=sharing,Link
x,,,IQ982,question982,What constellation is this?,Ursa Major,Ursa Major,Libra,Aquarius,Orion,Hard,https://drive.google.com/file/d/1VrRrtLxaQ0u5J_Qc0jClctXE-ugC0U6-/view?usp=sharing,N/A
x,,,IQ983,question983,What constellation is this?,Ursa Minor,Ursa Minor,Orion,Canis Major,Aries,Hard,https://drive.google.com/file/d/1bQauRvihJc3wm9cgYuq6ZeOCJ0H_C3qx/view?usp=sharing,N/A
x,,,IQ984,question984,What constellation is this?,Orion,Orion,Aquila,Leo,Cassiopeia,Medium,https://drive.google.com/file/d/1gA4Djnmh0d0BhSzb0MPRlRwXzgGZKKms/view?usp=sharing,N/A
x,,,IQ985,question985,What constellation is this?,Aquarius,Aquarius,Canis Major,Scutum,Libra,Hard,https://drive.google.com/file/d/1X7JD51yKzZbgY-_8G7c-vhGVdnaEfQ8-/view?usp=sharing,N/A
x,,,IQ986,question986,What constellation is this?,Aquila,Aquila,Leo,Cassiopeia,Cygnus,Hard,https://drive.google.com/file/d/1TyPxBUmEOWTatKlhrUvWkA3GtJu2qe3T/view?usp=sharing,N/A
x,,,IQ987,question987,What constellation is this?,Aries,Aries,Gemini,Aquarius,Libra,Hard,https://drive.google.com/file/d/1EtO7G0RXhnCjfDOyKpeuWQ8gseSTdsD8/view?usp=sharing,N/A
x,,,IQ988,question988,What constellation is this?,Canis Major,Canis Major,Ursa Minor,Orion,Leo,Hard,https://drive.google.com/file/d/1Ia9BRs7dVG0zwkNuq9AcbqvJemsXsMR2/view?usp=sharing,N/A
x,,,IQ989,question989,What constellation is this?,Cassiopeia,Cassiopeia,Aries,Scutum,Ursa Major,Hard,https://drive.google.com/file/d/1njzKtGB4I995jLSTmoirIpxE9BSsNNPu/view?usp=sharing,N/A
x,,,IQ990,question990,What constellation is this?,Cygnus,Cygnus,Gemini,Leo,Lyra,Hard,https://drive.google.com/file/d/1yDM9yOmZEW5Tu658gN3fITp5sHhd_-ho/view?usp=sharing,N/A
x,,,IQ991,question991,What constellation is this?,Gemini,Gemini,Canis Major,Aquila,Ursa Minor,Hard,https://drive.google.com/file/d/1n28O6TJSxC3n0MaI-_IIXfXovE7LoaNu/view?usp=sharing,N/A
x,,,IQ992,question992,What constellation is this?,Leo,Leo,Cygnus,Cassiopeia,Orion,Hard,https://drive.google.com/file/d/1JA4OfqbNNiXcEjhypEcFtBHxvO2U-dKa/view?usp=sharing,N/A
x,,,IQ993,question993,What constellation is this?,Lyra,Lyra,Libra,Gemini,Aries,Hard,https://drive.google.com/file/d/127Y_ja0cR9XphO9euHJ1CZlhLkUx3HYw/view?usp=sharing,N/A
x,,,IQ994,question994,What constellation is this?,Libra,Libra,Aquarius,Orion,Gemini,Medium,https://drive.google.com/file/d/17plvj8vIxL31Ovns36c0ervSUijxKBFL/view?usp=sharing,N/A
x,,,IQ995,question995,What constellation is this?,Scutum,Scutum,Lyra,Aquila,Leo,Hard,https://drive.google.com/file/d/1sbgcQc6H2Om2zRIEj5oJNKkjqufSlldH/view?usp=sharing,N/A